Unnamed: 0.1,Unnamed: 0,OCCP,RAC2P,ST,CIT,ESR,SCHL,MAR,SEX,PUMA,PUMA_FULL,DOB,DOB-Day-str,DOB-Month-str,DOB-Year-str,PUMA_og,DOB-Day,DOB-Month,DOB-Year,age,weight,DOB-str,DOB-dt,identifiers,name,SSN,credit card number,phone number,zip code,address
621655,27187972,1,1,27,1,3,1,1,2,702,2700702,34789,26,November,2025,2700702,13,9,96,0,133,26 November 2025,2025-11-26,"CIT,DOB,MAR,SEX,ST",Minnie Morales,760-36-4013,373430980500977,(503) 826-1412,97402,"3150 W 11th Ave, Eugene, OR 97402"
1753368,5212835,12,2,47,2,2,18,1,1,102,4700102,27625,16,April,2006,4700102,23,7,77,19,197,16 April 2006,2006-04-16,"CIT,DOB,MAR,SEX,ST",John Striplin,229-18-1680,30081219136193,(907) 516-6523,99587,"165 Olympic Mountain Loop, Girdwood, AK 99587"
154600,54942819,109,19,17,3,1,18,2,2,3103,1703103,11016,25,October,1960,1703103,21,5,31,65,113,25 October 1960,1960-10-25,"DOB,MAR,RAC2P,SEX,ST",Katherine Manion,693-95-8936,5569985435346246,(901) 936-7842,38119,"5259 Poplar Ave, Memphis, TN 38119"
2794195,73732813,220,4,4,1,1,17,2,1,2707,402707,18843,31,March,1982,402707,31,6,53,43,75,31 March 1982,1982-03-31,"DOB,ESR,OCCP,RAC2P,ST",John Buhrmann,090-76-6913,6011799118384255,(954) 620-6708,33556,"16101 Nine Eagles Dr, Odessa, FL 33556"
886292,44423454,243,2,1,1,1,22,2,2,8106,108106,23448,8,November,1994,108106,10,9,65,31,401,8 November 1994,1994-11-08,"DOB,ESR,OCCP,RAC2P,SEX",Rosie Cole,033-04-1536,4278498084124117,(323) 328-5194,92037,"1132 Prospect St, La Jolla, CA 92037"
2475547,82029384,36,4,3,2,1,22,1,2,3804,303804,23622,1,May,1995,303804,3,4,66,30,211,1 May 1995,1995-05-01,"CIT,DOB,OCCP,RAC2P,ST",Margaret Hughes,224-30-8280,3549353487401643,(332) 660-7632,10019,"240 W 55th St, New York, NY 10019"
1895702,30683951,26,61,1,1,6,17,2,2,8111,108111,26637,2,August,2003,108111,5,12,74,22,107,2 August 2003,2003-08-02,"MAR,OCCP,RAC2P,SCHL,SEX",Cora Willard,617-04-9196,4427868011280598,(949) 552-2102,92126,"10749 Westview Pkwy, San Diego, CA 92126"
194616,22672193,97,67,28,4,1,21,3,2,1100,2801100,13500,14,August,1967,2801100,22,12,38,58,54,14 August 1967,1967-08-14,"CIT,MAR,RAC2P,SCHL,SEX",Edith Dean,204-92-8929,30204505331589,(539) 986-2114,74104,"1145 S Utica Ave Suite G-18, Tulsa, OK 74104"
486536,15163060,19,1,1,1,1,17,1,2,2500,102500,26342,11,October,2002,102500,18,5,73,23,332,11 October 2002,2002-10-11,"DOB,ESR,MAR,OCCP,ST",Nora Roberts,430-29-7360,6011226025634218,(820) 714-0907,95380,"1665 Lander Ave, Turlock, CA 95380"
2594569,46569300,117,30,24,5,4,22,1,1,900,2400900,26905,26,April,2004,2400900,13,7,75,21,75,26 April 2004,2004-04-26,"CIT,ESR,MAR,RAC2P,ST",George Casey,604-36-0107,6011375433036548,(803) 730-2507,30901,"10 James Brown Blvd, Augusta, GA 30901"
1914412,26378119,1,5,1,1,3,3,1,1,2402,102402,33342,10,December,2021,102402,7,3,92,4,368,10 December 2021,2021-12-10,"DOB,ESR,RAC2P,SCHL,SEX",Edward Burkhead,778-21-6925,4850142940196556,(661) 368-2653,81210,"10209 CO-135, Almont, CO 81210"
768742,4839766,5,52,47,1,1,23,1,2,400,4700400,21987,8,November,1990,4700400,10,9,61,35,53,8 November 1990,1990-11-08,"ESR,MAR,RAC2P,SCHL,ST",Ida Swan,349-36-2548,6011934060883562,(907) 926-3694,99611,"1235 Angler Dr, Kenai, AK 99611"
2762006,91507236,389,1,40,1,7,20,1,1,306,4000306,25803,20,April,2001,4000306,4,7,72,24,225,20 April 2001,2001-04-20,"ESR,MAR,SCHL,SEX,ST",Andrew Rodriguez,221-98-5515,4484656482366297,(808) 731-4653,96815,"226 Lewers St, Honolulu, HI 96815"
2793380,96502127,133,59,13,1,6,18,2,2,400,1300400,25412,25,March,2000,1300400,21,6,71,25,49,25 March 2000,2000-03-25,"ESR,MAR,RAC2P,SCHL,SEX",Marie Kim,105-12-6225,30044369957776,(206) 456-3216,99152,"202 WA-31, Metaline, WA 99152"
1162573,51902116,215,10,21,1,1,20,1,1,1303,2101303,26857,9,March,2004,2101303,6,6,75,21,602,9 March 2004,2004-03-09,"CIT,DOB,RAC2P,SEX,ST",John Rohrbeck,100-46-5636,3514895134332002,(763) 764-4496,55403,"1204 Harmon Pl, Minneapolis, MN 55403"
744152,61323386,1,7,18,4,2,14,1,2,700,1800700,28971,22,December,2009,1800700,9,3,80,16,157,22 December 2009,2009-12-22,"CIT,DOB,MAR,SCHL,ST",Lenore Trosper,619-34-0712,5469367632016321,(417) 840-4961,64424,"4100 Miller St, Bethany, MO 64424"
2335081,72796287,159,1,2,2,1,22,2,2,6704,206704,17399,17,April,1978,206704,2,7,49,47,212,17 April 1978,1978-04-17,"DOB,ESR,MAR,OCCP,ST",Cora Sanchez,748-59-8786,3583172788957989,(936) 746-1530,78501,"618 N 10th St, McAllen, TX 78501"
79210,64857236,170,1,2,1,1,18,3,1,900,200900,15463,28,December,1972,200900,20,3,43,53,121,28 December 1972,1972-12-28,"CIT,DOB,MAR,OCCP,SCHL",Martin Herring,128-49-1292,6011774348734710,(832) 856-2762,75495,"495 W Van Alstyne Pkwy, Van Alstyne, TX 75495"
2874400,19669999,416,7,1,3,1,22,2,2,2406,102406,21134,8,July,1988,102406,10,2,59,37,193,8 July 1988,1988-07-08,"CIT,MAR,OCCP,RAC2P,SCHL",Emma Kumar,566-38-5926,3555812236231669,(442) 375-9914,94705,"41 Tunnel Rd, Berkeley, CA 94705"
1249293,96859414,175,1,13,1,7,19,5,2,800,1300800,27190,5,February,2005,1300800,24,10,76,20,175,5 February 2005,2005-02-05,"CIT,ESR,MAR,SEX,ST",Mary Hegner,592-25-1140,370366909670546,(360) 777-0674,99301,"1935 W Court St, Pasco, WA 99301"
1324976,44742546,2,1,1,1,2,20,1,2,5411,105411,27894,10,January,2007,105411,7,1,78,19,131,10 January 2007,2007-01-10,"CIT,DOB,ESR,OCCP,SCHL",Annie Saxon,047-85-3734,6011346706562726,(213) 283-0744,91423,"14006 Riverside Dr, Sherman Oaks, CA 91423"
1563099,9956731,6,16,10,1,6,21,5,1,4200,1004200,25302,6,December,1999,904200,27,3,70,26,129,6 December 1999,1999-12-06,"ESR,OCCP,RAC2P,SEX,ST",George Ojeda,792-38-1308,36990162720460,(828) 866-3453,28337,"195 Vineyard Dr, Elizabethtown, NC 28337"
157337,83774611,1,1,49,3,2,17,4,1,100,4900100,3452,9,February,1940,4900100,6,10,11,85,191,9 February 1940,1940-02-09,"CIT,DOB,ESR,SEX,ST",Samuel Alvarez,876-30-1655,375646417080535,(802) 832-0496,5401,"152 St Paul St, Burlington, VT 05401"
1920122,80852152,166,34,36,1,4,17,1,1,601,3600601,27105,12,November,2004,3600601,11,9,75,21,98,12 November 2004,2004-11-12,"CIT,OCCP,RAC2P,SCHL,ST",Bertrand Lago,390-36-7429,3533092327193741,(575) 842-8938,87002,"2101 Camino Del Llano, Belen, NM 87002"
113497,51767958,232,1,17,1,1,22,3,1,3102,1703102,17010,24,March,1977,1703102,26,6,48,48,67,24 March 1977,1977-03-24,"CIT,DOB,ESR,MAR,OCCP",Wayne Speier,651-47-2665,344190496631932,(629) 857-4949,38103,"120 Monroe Ave, Memphis, TN 38103"
1565895,27715673,1,5,19,3,2,17,4,1,1005,1901005,304,3,March,1931,2001005,1,6,2,94,70,3 March 1931,1931-03-03,"CIT,DOB,MAR,RAC2P,SEX",Andrew Pendlebury,380-46-3433,4586518506716575,(443) 450-6653,20850,"15201 Shady Grove Rd #1, Rockville, MD 20850"
1073223,52557522,70,1,21,1,1,22,1,2,1002,2101002,23232,6,April,1994,2101002,27,7,65,31,337,6 April 1994,1994-04-06,"CIT,DOB,ESR,OCCP,ST",Anna Sullivan,687-35-1170,3584987769453149,(507) 664-1195,55422,"4080 W Broadway, Robbinsdale, MN 55422"
2794546,50375386,52,6,21,3,1,23,2,1,1100,2101100,20443,17,August,1986,2101100,2,12,57,39,232,17 August 1986,1986-08-17,"DOB,ESR,OCCP,SCHL,ST",John Barker,624-82-2804,6011507527354540,(763) 261-2589,55435,"3460 Galleria, Edina, MN 55435"
2450875,48031230,197,6,1,2,4,23,2,1,8001,108001,22744,4,December,1992,108001,15,3,63,33,72,4 December 1992,1992-12-04,"CIT,ESR,OCCP,RAC2P,SCHL",Thomas Matthews,547-94-4011,30313678377707,(831) 625-7933,92591,"27499 Ynez Rd, Temecula, CA 92591"
788770,52954666,1,18,21,1,3,1,1,2,1601,2101601,34224,10,May,2024,2101601,7,4,95,1,156,10 May 2024,2024-05-10,"CIT,DOB,RAC2P,SCHL,SEX",Luella Tate,168-60-6217,4349578856855744,(612) 408-5573,55120,"760 N Plaza Dr, Mendota Heights, MN 55120"
1249584,23631548,428,10,1,4,1,23,2,1,6500,106500,13797,6,June,1968,106500,27,8,39,57,77,6 June 1968,1968-06-06,"CIT,MAR,OCCP,RAC2P,SEX",George Lacey,277-82-9126,343518233749891,(442) 520-5231,90401,"101 Wilshire Blvd, Santa Monica, CA 90401"
345075,91639652,32,22,40,1,4,17,1,2,100,4000100,24385,2,June,1997,4000100,5,8,68,28,71,2 June 1997,1997-06-02,"ESR,OCCP,RAC2P,SEX,ST",Elizabeth Wann,225-88-5314,343524082400842,(808) 608-2142,96766,"4331 Kauai Beach Dr, Lihue, HI 96766"
1448632,10876725,17,1,7,1,1,12,1,2,2100,702100,28201,13,November,2007,702100,8,9,78,18,129,13 November 2007,2007-11-13,"DOB,ESR,MAR,SCHL,ST",Mary Goetzmann,864-99-0917,3509477752047118,(419) 727-9202,44681,"1343 Old Rte 39 NE, Sugarcreek, OH 44681"
622969,19002708,89,1,26,1,4,17,2,1,800,2600800,24398,15,June,1997,2600800,16,8,68,28,264,15 June 1997,1997-06-15,"CIT,DOB,ESR,MAR,OCCP",Marion Butler,235-05-5169,6011229413186999,(270) 526-3960,24277,"42487 E Morgan Ave, Pennington Gap, VA 24277"
1981910,49908314,95,1,17,1,1,19,2,1,2300,1702300,23411,2,October,1994,1702300,5,5,65,31,72,2 October 1994,1994-10-02,"CIT,DOB,ESR,OCCP,SCHL",John Diem,411-35-1085,38749649909130,(731) 325-4382,37090,"921 Murfreesboro Rd, Lebanon, TN 37090"
2835734,89747988,154,1,3,5,5,20,5,1,3709,303709,20695,26,April,1987,303709,13,7,58,38,57,26 April 1987,1987-04-26,"CIT,ESR,MAR,SCHL,SEX",Earl Cortese,217-73-5156,3523281206797407,(845) 453-2308,10027,"1280 Amsterdam Ave, New York, NY 10027"
179746,15685084,141,62,33,1,6,20,5,1,300,3300300,22205,14,June,1991,3400300,22,8,62,34,44,14 June 1991,1991-06-14,"ESR,MAR,RAC2P,SCHL,SEX",Horace Taylor,218-84-8180,5313493618324212,(316) 251-4754,66441,"605 N Washington St, Junction City, KS 66441"
1181106,32059512,168,31,1,5,5,21,1,2,300,100300,12453,1,October,1964,100300,3,5,35,61,64,1 October 1964,1964-10-01,"CIT,OCCP,RAC2P,SCHL,SEX",Carrie Wright,406-83-7518,4717464887719064,(760) 830-6850,95988,"226 N Humboldt Ave, Willows, CA 95988"
74707,83011577,71,3,34,2,1,22,5,1,507,3400507,23476,6,December,1994,3300507,27,3,65,31,64,6 December 1994,1994-12-06,"CIT,DOB,RAC2P,SEX,ST",Leslie Glaser,147-34-2288,3513990490278740,(385) 363-5364,84129,"1904 W 5400 S, Taylorsville, UT 84129"
1823507,48217847,381,1,46,4,6,19,1,2,200,4600200,27235,22,March,2005,4600200,9,6,76,20,69,22 March 2005,2005-03-22,"CIT,MAR,OCCP,SEX,ST",Laura Gonzalez,253-96-9198,5517565512567469,(605) 394-2610,58795,"117 Main St, Wildrose, ND 58795"
255199,91944428,1,35,40,5,3,2,1,1,307,4000307,33228,18,August,2021,4000307,12,12,92,4,73,18 August 2021,2021-08-18,"CIT,RAC2P,SCHL,SEX,ST",George Barker,552-34-9578,30154516808762,(808) 727-7648,96816,"Kahala Resort, 5000 Kahala Ave #5000, Honolulu, HI 96816"
169859,85949625,433,12,12,3,1,22,2,2,305,1200305,17824,16,June,1979,1200305,23,8,50,46,67,16 June 1979,1979-06-16,"CIT,OCCP,RAC2P,SCHL,ST",Lulu Rickard,439-75-6544,4703482477109328,(571) 515-8148,22031,"2729 Merrilee Dr, Fairfax, VA 22031"
870495,84620789,345,1,12,1,6,23,3,2,2900,1202900,20668,30,March,1987,1202900,30,6,58,38,52,30 March 1987,1987-03-30,"ESR,MAR,OCCP,RAC2P,SCHL",Lura Finch,371-29-2267,341317127484679,(276) 292-6442,23321,"4200 Portsmouth Blvd Suite 872, Chesapeake, VA 23321"
162666,4200827,11,7,5,3,1,23,2,1,3411,503411,14915,29,June,1971,503411,29,8,42,54,218,29 June 1971,1971-06-29,"DOB,MAR,OCCP,RAC2P,ST",William Cahoon,522-64-1490,6011639821465845,(773) 668-3944,60601,"323 E Wacker Dr, Chicago, IL 60601"
996792,61122673,430,1,45,5,1,23,2,1,102,4500102,23374,26,August,1994,4500102,13,12,65,31,119,26 August 1994,1994-08-26,"CIT,MAR,OCCP,SEX,ST",August Easley,774-07-1797,4278755886753397,(302) 797-5781,19342,"1051 Baltimore Pike, Glen Mills, PA 19342"
738860,23041515,3,6,1,3,4,22,2,1,6108,106108,21613,30,October,1989,106108,30,5,60,36,57,30 October 1989,1989-10-30,"CIT,DOB,OCCP,SCHL,SEX",Horace Romo,157-81-2622,6011576627028957,(310) 251-4609,91007,"400 S Baldwin Ave Suite 930-U, Arcadia, CA 91007"
1678076,63455196,277,16,18,1,2,18,5,1,2300,1802300,14103,8,April,1969,1802300,10,7,40,56,161,8 April 1969,1969-04-08,"ESR,MAR,OCCP,RAC2P,SEX",Fred Gillespie,812-88-6917,4026217459615862,(636) 869-7710,72434,"5552 US-63, Imboden, AR 72434"
1066462,60073567,340,1,2,1,1,20,1,1,200,200200,17427,15,May,1978,200200,16,4,49,47,86,15 May 1978,1978-05-15,"DOB,ESR,MAR,SCHL,ST",John Walker,611-09-6305,343431611724009,(432) 749-0133,79109,"3501 SW 45th Ave, Amarillo, TX 79109"
782394,7262013,141,35,10,2,6,21,1,2,3700,1003700,25531,22,July,2000,903700,9,2,71,25,52,22 July 2000,2000-07-22,"CIT,ESR,MAR,RAC2P,SCHL",Mary Islas,391-77-7669,375623869222196,(336) 641-2194,28304,"1400 Walter Reed Rd #130, Fayetteville, NC 28304"
2130296,61822879,229,1,50,4,6,23,2,2,103,5000103,23485,15,December,1994,5000103,16,3,65,31,47,15 December 1994,1994-12-15,"CIT,ESR,SCHL,SEX,ST",Martha Horner,542-33-9065,6011923747407481,(202) 944-5992,81210,"23044 Co Rd 742, Almont, CO 81210"
548472,53241189,432,1,21,1,1,20,2,2,1100,2101100,25097,15,May,1999,2101100,16,4,70,26,183,15 May 1999,1999-05-15,"DOB,OCCP,RAC2P,SCHL,SEX",Meta Rice,882-02-1877,5194647436713690,(952) 612-5995,55426,"3401 Louisiana Ave S, St Louis Park, MN 55426"
2151320,73241100,385,11,4,3,1,10,2,2,4007,404007,16012,30,June,1974,404007,30,8,45,51,97,30 June 1974,1974-06-30,"CIT,MAR,OCCP,RAC2P,SCHL",Julia Trautman,699-69-4372,370640909743952,(305) 610-0838,33139,"900 Ocean Dr, Miami Beach, FL 33139"
2173457,73891,222,7,5,3,1,17,2,2,3503,503503,17467,24,June,1978,503503,26,8,49,47,94,24 June 1978,1978-06-24,"CIT,DOB,ESR,OCCP,RAC2P",Bertha Moore,788-83-5574,5210470952145621,(779) 775-3189,60611,"401 N Wabash Ave, Chicago, IL 60611"
203954,1926903,9,2,5,1,1,19,1,1,3513,503513,19742,15,September,1984,503513,16,11,55,41,237,15 September 1984,1984-09-15,"DOB,MAR,RAC2P,SCHL,ST",George Ortiz,115-38-7124,5224745171236853,(618) 766-4728,60654,"626 N State St, Chicago, IL 60654"
2864004,73888635,64,2,2,5,6,21,2,2,3702,203702,21511,20,July,1989,203702,4,2,60,36,51,20 July 1989,1989-07-20,"CIT,ESR,OCCP,SCHL,SEX",Ettie Rosenstein,162-59-0054,4817549651370984,(254) 595-8261,76657,"1315 W McGregor Dr, McGregor, TX 76657"
1970776,30042590,202,1,19,5,6,22,3,2,1201,1901201,18987,22,August,1982,2001201,9,12,53,43,139,22 August 1982,1982-08-22,"CIT,ESR,MAR,SCHL,ST",Stella Gemma,740-93-4316,347461200471130,(443) 982-9008,20001,"520 North Capitol St NW, Washington, DC 20001"
1497909,64372114,275,1,44,4,6,23,2,2,400,4400400,23153,17,January,1994,4400400,2,1,65,32,154,17 January 1994,1994-01-17,"CIT,ESR,MAR,SCHL,ST",Ann Sanders,513-98-2928,38586926179643,(406) 838-1946,59254,"625 W Laurel Ave, Plentywood, MT 59254"
685152,12486198,189,1,7,1,1,23,2,2,2100,702100,12542,29,December,1964,702100,29,3,35,61,97,29 December 1964,1964-12-29,"CIT,DOB,OCCP,SCHL,SEX",Lina Cronin,520-14-4890,4735158506431717,(220) 299-6453,44333,"3265 W Market St, Fairlawn, OH 44333"
1116680,84485416,349,1,12,5,6,20,2,2,2803,1202803,20618,8,February,1987,1202803,10,10,58,38,71,8 February 1987,1987-02-08,"CIT,ESR,MAR,OCCP,SEX",Callie Estrin,862-82-8318,3553293183933528,(540) 547-9139,23510,"420 Monticello Ave #150, Norfolk, VA 23510"
2918362,59032862,185,1,29,1,1,17,2,2,1600,2901600,19629,25,May,1984,2901600,21,4,55,41,112,25 May 1984,1984-05-25,"DOB,ESR,MAR,OCCP,SCHL",Martha Young,624-26-2505,30228421020539,(860) 973-2363,6510,"220 College St, New Haven, CT 06510"
913604,5353862,203,26,47,5,4,17,2,1,102,4700102,26331,30,September,2002,4700102,30,11,73,23,217,30 September 2002,2002-09-30,"CIT,ESR,OCCP,RAC2P,SEX",Charles Ellison,383-98-2647,30240268117757,(907) 816-8341,99587,"36511 Seward Hwy Suite 9, Girdwood, AK 99587"
2268955,2753916,490,1,5,3,2,22,4,2,3303,503303,11673,13,August,1962,503303,8,12,33,63,82,13 August 1962,1962-08-13,"CIT,ESR,MAR,OCCP,SCHL",Mayme Hohensee,553-68-0010,38839084700761,(630) 712-0659,60010,"21600 W Field Pkwy, Deer Park, IL 60010"
2012084,82303551,1,26,34,3,2,22,4,1,602,3400602,8180,19,January,1953,3300602,25,1,24,73,40,19 January 1953,1953-01-19,"CIT,MAR,RAC2P,SCHL,ST",John Masters,614-42-8006,6011115921249983,(385) 239-2245,84604,"504 W 2230 N, Provo, UT 84604"
2842520,91472289,106,26,40,5,6,22,2,2,306,4000306,18269,3,September,1980,4000306,1,11,51,45,69,3 September 1980,1980-09-03,"CIT,ESR,RAC2P,SEX,ST",Hattie Marshall,020-15-5948,3578961183673655,(808) 685-8508,96816,"4211 Waialae Ave, Honolulu, HI 96816"
709045,38859142,1,3,6,5,2,7,5,1,4105,604105,4794,13,October,1943,604105,8,5,14,82,534,13 October 1943,1943-10-13,"CIT,DOB,ESR,MAR,SEX",William Hardy,852-40-3924,6011565452711118,(717) 352-9932,19125,"1201 Frankford Ave, Philadelphia, PA 19125"
952055,34111371,58,1,14,1,1,23,2,1,2600,1402600,15884,22,February,1974,1402600,9,10,45,51,64,22 February 1974,1974-02-22,"DOB,ESR,OCCP,RAC2P,ST",Wash Parks,060-31-9296,6011809885165603,(978) 343-5373,2116,"4 Columbus Ave, Boston, MA 02116"
2113878,89510465,87,2,12,3,1,22,2,2,100,1200100,20145,23,October,1985,1200100,28,5,56,40,143,23 October 1985,1985-10-23,"DOB,ESR,OCCP,SEX,ST",Myrtle Spinelli,081-11-7963,371983273158517,(703) 526-2662,22202,"2231 Crystal Dr 11th Floor, Arlington, VA 22202"
475554,6284950,66,1,16,3,2,22,2,2,300,1600300,7386,17,November,1950,1600300,2,9,21,75,90,17 November 1950,1950-11-17,"CIT,DOB,ESR,MAR,OCCP",Carrie Geach,836-09-8728,348998094024458,(623) 831-4902,86043,"Hwy 264, Milepost 379, Second Mesa, AZ 86043"
1256678,60535518,30,2,2,2,1,20,3,2,2315,202315,22879,18,April,1993,202315,12,7,64,32,255,18 April 1993,1993-04-18,"CIT,DOB,RAC2P,SCHL,ST",Mettie Ferguson,785-17-2104,349612018366759,(915) 544-8311,75201,"2201 N Lamar St, Dallas, TX 75201"
348489,69516896,13,1,2,1,5,20,1,2,1700,201700,27307,2,June,2005,201700,5,8,76,20,155,2 June 2005,2005-06-02,"DOB,ESR,MAR,SEX,ST",Louise Banks,676-61-9008,5399102290147679,(832) 745-8025,75965,"1950 North St, Nacogdoches, TX 75965"
2173805,69411429,175,30,4,5,6,20,1,2,2702,402702,27711,11,July,2006,402702,18,2,77,19,161,11 July 2006,2006-07-11,"CIT,ESR,MAR,RAC2P,SCHL",Ella Garcia,170-34-8646,30438156149789,(772) 686-0272,33602,"801 Water St #1905, Tampa, FL 33602"
300456,67749158,18,7,2,3,5,23,3,1,2315,202315,14218,1,August,1969,202315,3,12,40,56,160,1 August 1969,1969-08-01,"DOB,ESR,MAR,RAC2P,ST",Will Walden,894-78-6933,3569003432445105,(512) 539-1795,75002,"1500 Andrews Pkwy, Allen, TX 75002"
829747,89552209,141,1,9,1,7,17,1,2,3800,903800,27060,28,September,2004,1003800,20,11,75,21,168,28 September 2004,2004-09-28,"ESR,OCCP,SCHL,SEX,ST",Mary Greene,217-70-3296,6011683885160603,(762) 797-5040,31520,"70 Golden Isles Plz, Brunswick, GA 31520"
2024114,71577340,1,1,11,5,2,17,3,1,303,1100303,7059,25,December,1949,1100303,21,3,20,76,92,25 December 1949,1949-12-25,"CIT,DOB,ESR,MAR,ST",Anderson Dixon,731-40-6538,6011966416052971,(201) 685-4350,10001,"851 6th Ave, New York, NY 10001"
1294471,53217552,340,1,21,1,1,22,2,2,1501,2101501,18613,13,August,1981,2101501,8,12,52,44,166,13 August 1981,1981-08-13,"CIT,DOB,OCCP,SEX,ST",Elizabeth Clemons,688-84-6119,3513696816453525,(763) 994-9477,55102,"498 Selby Ave, St Paul, MN 55102"
2358231,75363289,75,30,11,5,4,19,2,2,1201,1101201,23516,15,January,1995,1101201,16,1,66,31,73,15 January 1995,1995-01-15,"CIT,ESR,RAC2P,SCHL,SEX",Leitha Holmes,449-67-7398,4552312432921271,(973) 433-0841,8401,"One Atlantic Ocean, Atlantic City, NJ 08401"
751681,83223892,79,41,9,4,6,20,1,2,3700,903700,25966,30,September,2001,1003700,30,11,72,24,155,30 September 2001,2001-09-30,"CIT,ESR,RAC2P,SEX,ST",Susie Mcgary,124-32-3682,6011527177449051,(770) 374-8589,31569,"700 Bedell Ave, Woodbine, GA 31569"
686548,134702,72,1,5,2,1,10,2,2,3003,503003,20235,21,January,1986,503003,14,1,57,40,157,21 January 1986,1986-01-21,"DOB,MAR,OCCP,SEX,ST",Sarah Wert,066-44-0345,38700541199866,(815) 938-6229,60563,"1740 Freedom Dr, Naperville, IL 60563"
2080450,82070179,141,1,3,1,7,20,1,1,4201,304201,27191,6,February,2005,304201,27,10,76,20,160,6 February 2005,2005-02-06,"ESR,MAR,OCCP,SCHL,SEX",Joseph Kunkel,603-71-3771,6011935978207158,(516) 897-3968,81230,"130 Co Rd 742, Gunnison, CO 81230"
269997,39641578,189,20,1,2,4,23,2,2,3001,103001,22998,15,August,1993,103001,16,12,64,32,81,15 August 1993,1993-08-15,"CIT,ESR,OCCP,RAC2P,SEX",Stella Gifford,603-29-0118,3537788925546653,(279) 786-1800,93921,"Ocean Avenue at, Monte Verde St, Carmel-By-The-Sea, CA 93921"
636712,29704406,407,1,27,3,4,17,4,2,1310,2701310,16378,1,July,1975,2701310,3,2,46,50,99,1 July 1975,1975-07-01,"ESR,OCCP,SCHL,SEX,ST",Anna Overfield,073-91-0965,3515186449251924,(503) 219-7225,97204,"111 SW 5th Ave 30th Floor, Portland, OR 97204"
477411,49548995,238,1,17,1,4,14,3,2,2500,1702500,15399,25,October,1972,1702500,21,5,43,53,59,25 October 1972,1972-10-25,"CIT,DOB,MAR,OCCP,SEX",Martha Sanders,235-09-0515,379148652816851,(629) 628-2481,37130,"2075 Lascassas Pike, Murfreesboro, TN 37130"
2451131,75557607,87,6,11,3,1,17,2,1,905,1100905,21453,23,May,1989,1100905,28,4,60,36,314,23 May 1989,1989-05-23,"CIT,OCCP,RAC2P,SCHL,ST",John Redd,881-43-1161,4357332214188805,(856) 907-3340,8820,"9 Lincoln Hwy, Edison, NJ 08820"
2318973,32588089,9,3,1,3,4,10,5,1,5415,105415,14610,28,August,1970,105415,20,12,41,55,105,28 August 1970,1970-08-28,"CIT,DOB,ESR,MAR,RAC2P",Lee Williams,527-31-4563,3522292706537947,(818) 713-7726,91423,"14006 Riverside Dr, Sherman Oaks, CA 91423"
1187543,52216600,196,8,22,1,5,22,1,1,809,2200809,26008,11,November,2001,2200809,18,9,72,24,189,11 November 2001,2001-11-11,"ESR,OCCP,SCHL,SEX,ST",Arthur Kennedy,686-63-3511,3547359774688620,(303) 922-2262,80202,"1453 Larimer St, Denver, CO 80202"
802045,59790842,60,3,29,5,1,22,1,1,2400,2902400,24798,20,July,1998,2902400,4,2,69,27,71,20 July 1998,1998-07-20,"CIT,DOB,ESR,SCHL,SEX",Willie Watson,553-17-9356,5507581814124786,(475) 774-5325,6611,"near OLD Navy, Lower Level, 5065 Main St Space 1092, Trumbull, CT 06611"
1378449,97629934,279,14,3,2,1,22,2,2,3807,303807,23117,12,December,1993,303807,11,3,64,32,77,12 December 1993,1993-12-12,"CIT,ESR,OCCP,RAC2P,SCHL",Sadie Houston,591-61-3982,5475060685361536,(914) 738-6173,10013,"310 W Broadway, New York, NY 10013"
2035468,11814422,71,31,16,1,1,17,2,1,800,1600800,20060,30,July,1985,1600800,30,2,56,40,79,30 July 1985,1985-07-30,"DOB,ESR,MAR,RAC2P,ST",Roger Carter,804-61-6670,4220472779010435,(602) 377-7531,85234,"4536 E Elliot Rd, Gilbert, AZ 85234"
1238762,8995995,13,7,10,3,1,17,2,1,4500,1004500,16255,28,February,1975,904500,20,10,46,50,167,28 February 1975,1975-02-28,"CIT,DOB,OCCP,RAC2P,SEX",Frank King,195-13-1589,5543410369711795,(984) 550-8950,28466,"110 Vines Lndg, Wallace, NC 28466"
238008,89431490,19,2,9,1,2,17,1,2,500,900500,26080,22,January,2002,1000500,9,1,73,24,396,22 January 2002,2002-01-22,"DOB,MAR,RAC2P,SCHL,ST",Lona Biedermann,675-56-5805,30246095396217,(706) 892-4331,30601,"199 N Lumpkin St, Athens, GA 30601"
328291,6004131,362,1,51,1,1,17,2,2,300,5100300,14867,12,May,1971,5100300,11,4,42,54,179,12 May 1971,1971-05-12,"DOB,ESR,MAR,OCCP,SEX",Annie Goolsby,434-53-7652,30067065405154,(307) 396-4038,69154,"315 Main St, Oshkosh, NE 69154"
326396,91798208,33,1,3,2,1,23,2,2,3503,303503,13964,20,November,1968,303503,4,9,39,57,81,20 November 1968,1968-11-20,"CIT,DOB,ESR,SCHL,ST",Maria Coon,885-94-0888,5105852772217045,(631) 771-4890,10591,"127 W Main St, Tarrytown, NY 10591"
1218101,21787663,301,6,1,3,4,23,1,2,2704,102704,22422,17,January,1992,102704,2,1,63,34,66,17 January 1992,1992-01-17,"CIT,ESR,OCCP,RAC2P,SCHL",Frances Holmes,690-84-1613,5154868740345056,(619) 504-4735,95128,"333 Santana Row #1100, San Jose, CA 95128"
935084,15285421,1,5,1,1,3,8,1,1,8001,108001,31751,2,August,2017,108001,5,12,88,8,75,2 August 2017,2017-08-02,"DOB,OCCP,RAC2P,SCHL,ST",William Ciaramella,063-52-5560,376765277584169,(562) 906-8011,92591,"27499 Ynez Rd, Temecula, CA 92591"
1831012,41091918,259,1,6,5,1,16,5,2,4104,604104,19348,18,August,1983,604104,12,12,54,42,104,18 August 1983,1983-08-18,"CIT,MAR,OCCP,SEX,ST",Georgie Seaton,820-14-4074,4511544796275700,(570) 691-5714,19106,"237 St James Pl, Philadelphia, PA 19106"
1216477,97212719,282,1,13,4,1,22,1,2,2007,1302007,25301,5,December,1999,1302007,24,3,70,26,96,5 December 1999,1999-12-05,"CIT,OCCP,SCHL,SEX,ST",Nellie Mcgee,197-25-8787,3501658202970219,(509) 938-4480,98101,"1201 Alaskan Wy Ste 100, Seattle, WA 98101"
905239,64556426,159,1,44,1,1,20,5,2,600,4400600,22417,12,January,1992,4400600,11,1,63,34,87,12 January 1992,1992-01-12,"MAR,OCCP,SCHL,SEX,ST",Eliza Arbelo,460-18-6913,5390927557192854,(406) 324-9395,59911,"8585 Montana Hwy 35, Bigfork, MT 59911"
152048,54456574,220,1,21,1,1,17,1,1,2100,2102100,14082,18,March,1969,2102100,12,6,40,56,96,18 March 1969,1969-03-18,"DOB,ESR,OCCP,SCHL,SEX",Scott Bolte,188-36-7580,6011102786814473,(763) 756-6220,81224,"282 Elcho Ave, Crested Butte, CO 81224"
521690,4833405,58,50,47,1,5,23,4,2,400,4700400,15004,26,September,1971,4700400,13,11,42,54,61,26 September 1971,1971-09-26,"CIT,ESR,MAR,RAC2P,ST",Nancy Martin,256-10-7261,5531217271551886,(907) 553-2399,99674,"31406 Glenn Hwy, Chickaloon, AK 99674"
1910537,36694438,114,3,14,3,5,21,5,1,700,1400700,14169,13,June,1969,1400700,8,8,40,56,158,13 June 1969,1969-06-13,"CIT,DOB,ESR,MAR,SEX",William Willenbring,828-71-1605,345831323705899,(617) 243-4712,2453,"467 Moody St, Waltham, MA 02453"
2111707,58884974,1,4,29,1,3,9,1,2,1500,1305,30849,12,February,2015,2901500,11,10,86,10,87,12 February 2015,2015-02-12,"CIT,DOB,RAC2P,SEX,ST",Gabriel Tyne,285-05-1492,36095468955313,(475) 225-4506,6510,"220 College St, New Haven, CT 06510"
2268060,42699247,145,2,43,2,4,18,5,1,100,888,21823,28,May,1990,4300100,20,4,61,35,119,28 May 1990,1990-05-28,"CIT,ESR,MAR,SEX,ST",Bridgett Matson,507-33-5246,3587113426988545,(507) 342-1679,76164,"2201 N Commerce St, Fort Worth, TX 76164"
232108,80114116,1,1,36,1,2,19,1,2,900,589,23691,9,July,1995,3600900,6,2,66,30,234,9 July 1995,1995-07-09,"CIT,DOB,ESR,RAC2P,SCHL",Jacob Morales,068-54-0332,4139799289779210,(575) 804-6912,87002,"2101 Camino Del Llano, Belen, NM 87002"
1418173,56070318,1,4,31,1,2,16,4,1,2300,1583,10537,4,July,1959,3102300,15,2,30,66,223,4 July 1959,1959-07-04,"CIT,DOB,ESR,MAR,RAC2P",Laura Striplin,143-34-3906,4813823685433959,(213) 295-3582,92571,"18700 Lake Perris Dr, Perris, CA 92571"
2548559,52635180,464,1,21,1,1,21,2,1,400,194,19436,14,November,1983,2100400,22,9,54,42,114,14 November 1983,1983-11-14,"MAR,OCCP,RAC2P,SCHL,ST",Michelle Manion,832-73-9307,4847163032628591,(612) 717-9863,56479,"1101 2nd Ave NE, Staples, MN 56479"
570317,36724257,22,3,6,5,5,17,2,2,600,223,13993,19,December,1968,600600,25,3,39,57,100,19 December 1968,1968-12-19,"CIT,ESR,SCHL,SEX,ST",John Buhrmann,757-04-9725,3548478659351069,(570) 933-8928,19106,"237 St James Pl, Philadelphia, PA 19106"
178151,75621504,1,2,4,1,2,20,3,1,3903,1253,16218,22,January,1975,403903,9,1,46,51,126,22 January 1975,1975-01-22,"CIT,DOB,OCCP,RAC2P,ST",Nicole Cole,494-79-1472,30277735696310,(305) 659-9654,33139,"900 Ocean Dr, Miami Beach, FL 33139"
1696830,61675559,19,1,18,1,1,18,1,2,1100,1935,14557,6,July,1970,1801100,27,2,41,55,253,6 July 1970,1970-07-06,"DOB,MAR,OCCP,RAC2P,SEX",David Hughes,547-40-8426,3533538451678055,(417) 977-2615,72434,"5552 US-63, Imboden, AR 72434"
1851060,76402104,1,1,2,2,2,14,2,1,5100,435,21131,5,July,1988,205100,24,2,59,37,323,5 July 1988,1988-07-05,"CIT,DOB,ESR,MAR,ST",Monica Willard,674-60-2689,3592763782036918,(512) 484-2547,75495,"495 W Van Alstyne Pkwy, Van Alstyne, TX 75495"
2095896,87351779,254,1,12,2,1,18,2,1,1700,1105,16186,21,December,1974,1201700,14,3,45,51,96,21 December 1974,1974-12-21,"CIT,OCCP,RAC2P,SCHL,SEX",Lisa Dean,695-99-0734,4662599929984245,(571) 304-1519,22202,"2231 Crystal Dr 11th Floor, Arlington, VA 22202"
2624046,60450100,1,36,29,3,2,22,3,2,1400,1033,7008,4,November,1949,2901400,15,9,20,76,39,4 November 1949,1949-11-04,"CIT,ESR,OCCP,RAC2P,SCHL",Mark Roberts,234-14-1846,38447484396154,(475) 567-5635,6611,"near OLD Navy, Lower Level, 5065 Main St Space 1092, Trumbull, CT 06611"
304318,59575145,1,1,2,1,3,2,1,2,5605,641,32745,22,April,2020,205605,9,7,91,5,101,22 April 2020,2020-04-22,"CIT,DOB,SCHL,SEX,ST",Major Casey,720-94-6429,4796936121431758,(254) 947-7527,75201,"2201 N Lamar St, Dallas, TX 75201"
2483215,24551265,1,1,25,1,2,14,3,1,1901,1119,3720,3,November,1940,2501901,1,9,11,85,63,3 November 1940,1940-11-03,"CIT,DOB,MAR,SCHL,SEX",Janet Burkhead,745-39-4876,346963268036839,(323) 587-1291,90230,"6000 Sepulveda Blvd, Culver City, CA 90230"
1364826,81773674,72,1,34,1,1,2,1,1,301,530,19165,16,February,1983,3300301,23,10,54,42,91,16 February 1983,1983-02-16,"DOB,MAR,OCCP,SCHL,ST",Polly Swan,466-28-1387,6011319106289398,(385) 843-5925,84129,"1904 W 5400 S, Taylorsville, UT 84129"
1072934,13652948,98,17,7,3,1,19,3,2,604,1435,19217,9,April,1983,700604,6,7,54,42,91,9 April 1983,1983-04-09,"CIT,RAC2P,SCHL,SEX,ST",Carlos Rodriguez,386-09-0562,349345105872567,(220) 246-3733,44333,"3265 W Market St, Fairlawn, OH 44333"
2896245,49721123,10,3,17,2,1,10,2,1,3102,1487,18433,14,February,1981,1703102,22,10,52,44,245,14 February 1981,1981-02-14,"CIT,DOB,MAR,SCHL,ST",Elisha Kim,653-06-5516,30375615847514,(629) 438-1654,37130,"2075 Lascassas Pike, Murfreesboro, TN 37130"
482262,77027408,57,1,4,2,4,19,2,1,3508,1470,15847,16,January,1974,403508,23,1,45,52,55,16 January 1974,1974-01-16,"CIT,ESR,OCCP,SCHL,SEX",Katie Rohrbeck,677-15-0558,3555935552821175,(772) 664-5977,33556,"16101 Nine Eagles Dr, Odessa, FL 33556"
353409,24864401,87,1,25,1,2,20,3,1,1901,1119,15943,22,April,1974,2501901,9,7,45,51,109,22 April 1974,1974-04-22,"ESR,MAR,OCCP,SEX,ST",Tameka Trosper,663-18-1594,343385499079698,(631) 563-3432,93905,"151 Kern St, Salinas, CA 93905"
136048,67551740,1,1,35,1,3,1,1,2,511,41,34372,5,October,2024,3500511,24,5,95,1,44,5 October 2024,2024-10-05,"CIT,DOB,ESR,SEX,ST",Mason Sanchez,321-09-3114,6011518550191576,(562) 918-1169,10801,"542 North Ave, New Rochelle, NY 10801"
476329,43808409,94,1,24,1,1,18,2,2,100,298,13625,17,December,1967,2400100,2,3,38,58,70,17 December 1967,1967-12-17,"CIT,DOB,ESR,RAC2P,SCHL",Rodney Herring,435-08-9496,38538711143383,(803) 746-4010,30901,"10 James Brown Blvd, Augusta, GA 30901"
807781,66738763,59,1,2,1,1,22,2,2,5402,484,14812,18,March,1971,205402,12,6,42,54,29,18 March 1971,1971-03-18,"CIT,DOB,ESR,MAR,OCCP",Robert Kumar,176-38-4076,4951225758364917,(832) 588-4422,75965,"1950 North St, Nacogdoches, TX 75965"
2295207,96596959,380,1,5,1,2,15,2,2,1800,761,9238,13,December,1955,501800,8,3,26,70,66,13 December 1955,1955-12-13,"DOB,MAR,RAC2P,SCHL,SEX",John Hegner,814-46-0138,4307354526110450,(815) 424-5313,60601,"323 E Wacker Dr, Chicago, IL 60601"
2469108,59502822,259,1,29,1,1,17,2,2,1500,1305,17057,10,May,1977,2901500,7,4,48,48,123,10 May 1977,1977-05-10,"CIT,OCCP,SCHL,SEX,ST",Michael Saxon,044-12-7279,38737693879119,(475) 232-5168,6611,"near OLD Navy, Lower Level, 5065 Main St Space 1092, Trumbull, CT 06611"
819131,5479659,1,32,10,1,2,17,4,1,3800,1499,8160,30,December,1952,903800,30,3,23,73,99,30 December 1952,1952-12-30,"CIT,ESR,MAR,RAC2P,SCHL",Teresa Ojeda,852-49-1173,3571981178839845,(828) 267-3456,28466,"110 Vines Lndg, Wallace, NC 28466"
1570705,14214038,69,1,30,1,1,17,5,1,800,586,22564,7,June,1992,3000800,19,8,63,33,316,7 June 1992,1992-06-07,"CIT,ESR,MAR,OCCP,ST",Ashley Alvarez,536-86-4398,3566706489602393,(612) 417-8179,92570,"2091 Goetz Rd, Perris, CA 92570"
928122,82318960,1,10,34,1,3,12,1,2,200,167,29375,30,January,2011,3300200,30,1,82,14,73,30 January 2011,2011-01-30,"ESR,RAC2P,SCHL,SEX,ST",Roen Lago,538-98-0227,5190690889069040,(385) 858-7517,84129,"1904 W 5400 S, Taylorsville, UT 84129"
2341023,26914335,298,8,1,3,1,16,1,1,2712,1546,18420,1,February,1981,102712,3,10,52,44,84,1 February 1981,1981-02-01,"CIT,MAR,OCCP,RAC2P,SCHL",Latashia Speier,139-65-2456,3519266092059620,(442) 342-4040,91423,"14006 Riverside Dr, Sherman Oaks, CA 91423"
818315,41798708,2,1,8,1,1,19,3,1,1500,270,20614,4,February,1987,801500,15,10,58,38,130,4 February 1987,1987-02-04,"CIT,DOB,ESR,MAR,SCHL",Ashley Pendlebury,453-60-3873,30057739628091,(856) 751-4304,94559,"829 Main St, Napa, CA 94559"
1650177,84051594,1,2,3,1,2,20,2,1,4011,1963,2092,20,May,1936,304011,4,4,7,89,65,20 May 1936,1936-05-20,"DOB,MAR,SCHL,SEX,ST",Alice Sullivan,450-41-5504,5532055657861506,(914) 638-9560,10013,"310 W Broadway, New York, NY 10013"
785669,18433450,129,2,26,1,1,21,2,1,1701,1251,23822,17,November,1995,2601701,2,9,66,30,68,17 November 1995,1995-11-17,"DOB,OCCP,SCHL,SEX,ST",Julia Barker,811-27-9129,4662829412204219,(270) 424-2266,24277,"42487 E Morgan Ave, Pennington Gap, VA 24277"
380186,9884666,28,1,16,4,1,23,2,1,205,1151,22064,24,January,1991,1600205,26,1,62,34,92,24 January 1991,1991-01-24,"CIT,DOB,RAC2P,SCHL,SEX",Stephanie Matthews,187-02-9621,343852424942985,(602) 973-0771,86043,"Hwy 264, Milepost 379, Second Mesa, AZ 86043"
1338158,22824289,1,60,28,1,2,15,3,1,200,736,24031,13,June,1996,2800200,8,8,67,29,27,13 June 1996,1996-06-13,"CIT,ESR,MAR,RAC2P,SEX",Adonis Tate,524-81-8632,344363523042098,(539) 842-2621,74104,"1145 S Utica Ave Suite G-18, Tulsa, OK 74104"
1395532,7534433,16,3,16,2,4,19,1,2,118,608,26946,6,June,2004,1600118,27,8,75,21,188,6 June 2004,2004-06-06,"CIT,DOB,ESR,RAC2P,SEX",Asa Lacey,537-32-8134,5470214661018512,(602) 594-6252,85234,"4536 E Elliot Rd, Gilbert, AZ 85234"
2791691,60264629,3,17,29,1,1,17,1,1,1300,577,25225,20,September,1999,2901300,4,11,70,26,55,20 September 1999,1999-09-20,"CIT,ESR,RAC2P,SCHL,ST",Maria Wann,154-95-7780,3549577076922870,(860) 766-0188,6510,"220 College St, New Haven, CT 06510"
1465435,12792260,68,1,30,1,1,14,2,2,100,429,18580,11,July,1981,3000100,18,2,52,44,39,11 July 1981,1981-07-11,"CIT,DOB,ESR,MAR,SCHL",Joseph Goetzmann,719-46-2948,3531924489344708,(831) 968-4371,95521,"1901 Heindon Rd, Arcata, CA 95521"
56806,26708859,1,1,27,1,2,21,4,1,1200,356,2330,13,January,1937,2701200,8,1,8,89,96,13 January 1937,1937-01-13,"CIT,DOB,ESR,OCCP,SCHL",Joyce Butler,372-99-2858,5320347004153521,(503) 314-4808,97204,"111 SW 5th Ave 30th Floor, Portland, OR 97204"
825505,37081047,226,1,14,1,2,23,1,1,3000,1844,11962,29,May,1963,1403000,29,4,34,62,90,29 May 1963,1963-05-29,"CIT,ESR,OCCP,SEX,ST",Mary Diem,596-60-0746,6011330073814019,(617) 664-0053,2453,"467 Moody St, Waltham, MA 02453"
2452284,90899885,119,1,3,1,1,21,2,2,2900,31,17439,27,May,1978,302900,17,4,49,47,123,27 May 1978,1978-05-27,"CIT,DOB,OCCP,RAC2P,ST",Todd Cortese,264-43-8044,3599737540598149,(914) 980-2927,10591,"127 W Main St, Tarrytown, NY 10591"
1600885,10742579,43,1,15,1,1,19,2,2,300,816,19155,6,February,1983,1500300,27,10,54,42,119,6 February 1983,1983-02-06,"CIT,DOB,MAR,OCCP,SCHL",Nancy Taylor,057-18-8632,345997459776226,(310) 840-4889,80206,"2641 E 2nd Ave, Denver, CO 80206"
290338,96655944,232,5,13,2,4,21,2,1,2003,1074,17946,16,October,1979,1302003,23,5,50,46,84,16 October 1979,1979-10-16,"CIT,ESR,OCCP,SCHL,ST",Miranda Wright,144-40-8015,6011842961897690,(509) 719-9977,98006,"12405 SE 38th St, Bellevue, WA 98006"
1639302,20666878,1,8,1,2,2,4,5,1,8107,757,5735,11,May,1946,108107,18,4,17,79,77,11 May 1946,1946-05-11,"CIT,MAR,RAC2P,SCHL,SEX",Sharon Glaser,149-89-7612,3591426348358504,(310) 582-2646,95988,"226 N Humboldt Ave, Willows, CA 95988"
1535759,64233355,285,1,44,1,6,23,2,2,200,687,20964,20,January,1988,4400200,4,1,59,38,88,20 January 1988,1988-01-20,"CIT,DOB,OCCP,SCHL,SEX",Matthew Gonzalez,600-94-8393,4948032032738080,(406) 813-5310,59911,"8585 Montana Hwy 35, Bigfork, MT 59911"
1128097,2805942,157,1,20,1,1,22,2,2,2203,2004,24299,8,March,1997,1902203,10,6,68,28,145,8 March 1997,1997-03-08,"CIT,DOB,ESR,OCCP,RAC2P",Nicholas Barker,791-03-1290,5576501032952194,(206) 314-5947,95926,"801 East Ave Suite 200, Chico, CA 95926"
551164,69662123,1,1,42,1,3,9,1,2,700,1875,30662,9,August,2014,4100700,6,12,85,11,94,9 August 2014,2014-08-09,"DOB,ESR,MAR,OCCP,ST",Sean Rickard,855-34-9234,5342414888502886,(605) 445-0949,23452,"683 Lynnhaven Pkwy, Virginia Beach, VA 23452"
240553,92310134,336,1,39,1,1,17,3,2,300,158,22738,28,November,1992,3900300,20,9,63,33,342,28 November 1992,1992-11-28,"CIT,DOB,ESR,SCHL,ST",Brendon Finch,128-21-9348,30350005379246,(512) 780-1290,98944,"2810 E Lincoln Ave H, Sunnyside, WA 98944"
2513092,62457863,218,2,18,1,2,17,1,1,1003,1995,24954,23,December,1998,1801003,28,3,69,27,155,23 December 1998,1998-12-23,"DOB,RAC2P,SCHL,SEX,ST",Kathryn Cahoon,217-19-1447,38999204412042,(417) 949-7962,64424,"4100 Miller St, Bethany, MO 64424"
1795280,82554465,7,12,9,2,2,17,2,2,1504,1441,24263,31,January,1997,1001504,31,1,68,28,86,31 January 1997,1997-01-31,"ESR,MAR,RAC2P,SCHL,ST",Kevin Easley,570-86-7320,5591102811760220,(770) 984-2060,31520,"70 Golden Isles Plz, Brunswick, GA 31520"
403638,96771365,257,2,5,1,1,22,1,2,3510,921,21629,15,November,1989,503510,16,9,60,36,245,15 November 1989,1989-11-15,"CIT,DOB,OCCP,SCHL,SEX",Zachary Romo,252-92-0396,3579699677876595,(779) 762-2705,60654,"626 N State St, Chicago, IL 60654"
32785,60974087,117,1,18,1,1,20,3,2,1100,1935,21274,25,November,1988,1801100,21,9,59,37,129,25 November 1988,1988-11-25,"DOB,MAR,OCCP,RAC2P,SCHL",Mason Gillespie,229-92-3840,4670044175836195,(636) 416-8835,64424,"4100 Miller St, Bethany, MO 64424"
1650764,20815699,203,1,26,1,2,22,2,2,2000,1132,24313,22,March,1997,2602000,9,6,68,28,68,22 March 1997,1997-03-22,"ESR,MAR,OCCP,SEX,ST",James Walker,513-10-3147,5507126390231447,(270) 608-6118,24277,"42487 E Morgan Ave, Pennington Gap, VA 24277"
285285,12199562,17,1,30,4,2,20,3,2,800,586,18201,27,June,1980,3000800,17,8,51,45,109,27 June 1980,1980-06-27,"CIT,ESR,MAR,SEX,ST",William Islas,198-06-2833,5592808915461676,(820) 662-1982,95928,"246 Broadway St, Chico, CA 95928"
184669,31946577,11,9,6,3,2,22,5,1,4102,2022,13265,22,December,1966,604102,9,3,37,59,97,22 December 1966,1966-12-22,"CIT,MAR,OCCP,RAC2P,SEX",Deborah Horner,675-76-0993,372491401601753,(570) 430-1049,19106,"237 St James Pl, Philadelphia, PA 19106"
1984250,61085308,125,1,2,1,6,20,2,2,4000,507,18838,26,March,1982,204000,13,6,53,43,235,26 March 1982,1982-03-26,"CIT,DOB,MAR,OCCP,ST",Javier Rice,832-72-5587,374985911306157,(254) 802-9075,75495,"495 W Van Alstyne Pkwy, Van Alstyne, TX 75495"
1298990,76337553,1,1,2,3,2,2,1,1,4620,1322,7916,30,April,1952,204620,30,7,23,73,48,30 April 1952,1952-04-30,"CIT,DOB,ESR,OCCP,ST",Donna Trautman,039-35-6482,4862065803513250,(915) 425-0117,78501,"618 N 10th St, McAllen, TX 78501"
117326,59274152,53,1,2,3,1,21,1,1,2201,19,23510,9,January,1995,202201,6,1,66,31,281,9 January 1995,1995-01-09,"DOB,ESR,MAR,SCHL,SEX",Aimee Moore,045-56-1963,5468052481401995,(936) 846-0964,75495,"495 W Van Alstyne Pkwy, Van Alstyne, TX 75495"
352949,54462381,68,1,21,1,1,17,4,2,1201,1799,22154,24,April,1991,2101201,26,7,62,34,386,24 April 1991,1991-04-24,"CIT,DOB,MAR,RAC2P,SEX",Matthew Ortiz,732-87-2941,4075848005131457,(507) 232-5413,55403,"1204 Harmon Pl, Minneapolis, MN 55403"
698770,2810213,6,1,23,1,1,18,2,2,700,1023,21305,26,December,1988,2300700,13,3,59,37,306,26 December 1988,1988-12-26,"CIT,DOB,MAR,SCHL,SEX",Damien Rosenstein,341-51-6848,38061836708691,(818) 443-4562,28411,"7208 Market St, Wilmington, NC 28411"
1944739,97027469,67,4,5,5,1,2,2,2,3401,1651,13615,7,December,1967,503401,19,3,38,58,80,7 December 1967,1967-12-07,"CIT,MAR,OCCP,SEX,ST",Wayne Gemma,162-19-1555,6011489303018278,(779) 419-8834,60611,"401 N Wabash Ave, Chicago, IL 60611"
1173790,76061106,92,3,4,3,1,17,1,2,4004,1793,27831,8,November,2006,404004,10,9,77,19,213,8 November 2006,2006-11-08,"DOB,RAC2P,SCHL,SEX,ST",Yusuf Sanders,308-86-8550,6011201563601705,(954) 784-9440,33139,"900 Ocean Dr, Miami Beach, FL 33139"
1642312,82744043,1,3,3,4,3,6,1,1,3709,1247,32265,29,December,2018,303709,29,3,89,7,147,29 December 2018,2018-12-29,"CIT,MAR,RAC2P,SCHL,ST",Ellary Cronin,095-37-5837,4890947531887112,(516) 684-6669,10027,"1280 Amsterdam Ave, New York, NY 10027"
1863559,86837932,348,1,3,1,1,22,4,1,901,1956,12853,5,November,1965,300901,24,9,36,60,74,5 November 1965,1965-11-05,"MAR,OCCP,SCHL,SEX,ST",Stacey Estrin,325-74-0118,4705405373330316,(332) 299-7062,81230,"130 Co Rd 742, Gunnison, CO 81230"
1058671,40124872,10,1,8,4,1,16,1,2,3400,647,25478,30,May,2000,803400,30,4,71,25,83,30 May 2000,2000-05-30,"CIT,DOB,MAR,SCHL,SEX",Joshua Young,882-69-4736,4783616426585749,(760) 620-7651,94102,"501 Geary St, San Francisco, CA 94102"
1461117,97632789,38,4,5,4,1,17,1,1,3302,1694,27522,3,January,2006,503302,1,1,77,20,79,3 January 2006,2006-01-03,"CIT,OCCP,RAC2P,SEX,ST",America Ellison,507-06-5258,30598327329196,(618) 889-1612,60601,"323 E Wacker Dr, Chicago, IL 60601"
1084726,21049094,1,1,26,1,2,15,2,1,2200,802,12506,23,November,1964,2602200,28,9,35,61,66,23 November 1964,1964-11-23,"CIT,DOB,RAC2P,SEX,ST",Michelle Hohensee,282-03-9050,340885934312623,(270) 945-5559,24277,"42487 E Morgan Ave, Pennington Gap, VA 24277"
1952877,7216225,6,1,16,2,5,13,2,2,700,399,20141,19,October,1985,1600700,25,5,56,40,185,19 October 1985,1985-10-19,"CIT,DOB,ESR,MAR,SEX",John Masters,662-74-5509,6011180457441164,(602) 396-3116,85234,"4536 E Elliot Rd, Gilbert, AZ 85234"
2466614,46364662,78,1,24,1,1,23,2,1,1900,387,12186,8,January,1964,2401900,10,1,35,62,91,8 January 1964,1964-01-08,"CIT,DOB,OCCP,RAC2P,ST",Suzanne Marshall,614-11-3119,373698661185181,(803) 632-3006,30901,"10 James Brown Blvd, Augusta, GA 30901"
1190307,54995900,383,2,31,1,5,17,4,2,500,1262,15991,9,June,1974,3100500,6,8,45,51,25,9 June 1974,1974-06-09,"CIT,ESR,OCCP,RAC2P,ST",Robert Hardy,123-29-0038,5144183799071931,(773) 455-1235,95821,"2600 Watt Ave, Sacramento, CA 95821"
2952354,49234119,9,5,1,3,1,11,2,1,2301,1204,20953,9,January,1988,102301,6,1,59,38,199,9 January 1988,1988-01-09,"CIT,ESR,OCCP,RAC2P,SCHL",Jerrica Parks,793-71-4056,5157336006048878,(661) 763-1604,92037,"1132 Prospect St, La Jolla, CA 92037"
2711782,50389562,110,21,21,1,1,22,2,2,1406,2038,20179,26,November,1985,2101406,13,9,56,40,142,26 November 1985,1985-11-26,"CIT,ESR,MAR,OCCP,RAC2P",Mitchell Spinelli,003-50-0726,5581080149105700,(507) 295-3872,55422,"4080 W Broadway, Robbinsdale, MN 55422"
1645259,91297226,13,43,40,5,1,17,2,2,100,128,21872,16,July,1990,4000100,23,2,61,35,160,16 July 1990,1990-07-16,"ESR,MAR,RAC2P,SEX,ST",Jose Geach,150-36-4575,373494827179601,(808) 697-7886,96766,"4331 Kauai Beach Dr, Lihue, HI 96766"
915139,28550219,1,1,19,1,2,14,4,2,100,1045,7467,6,February,1951,2000100,27,10,22,74,46,6 February 1951,1951-02-06,"DOB,ESR,MAR,SEX,ST",Brian Ferguson,466-42-3550,30437318902093,(443) 260-2697,20001,"520 North Capitol St NW, Washington, DC 20001"
821793,21877779,8,1,1,1,1,17,2,1,1502,1737,24073,25,July,1996,101502,21,2,67,29,160,25 July 1996,1996-07-25,"CIT,DOB,MAR,SCHL,ST",Stacey Banks,121-75-7760,38068139117843,(213) 599-4345,95128,"333 Santana Row #1100, San Jose, CA 95128"
137333,44818803,4,2,24,2,4,19,1,2,1300,127,27007,6,August,2004,2401300,27,12,75,21,29,6 August 2004,2004-08-06,"CIT,ESR,SCHL,SEX,ST",Nathaniel Garcia,078-95-3561,346752893928613,(803) 492-6930,30901,"10 James Brown Blvd, Augusta, GA 30901"
1246691,74417413,8,1,11,1,1,18,2,2,1103,1396,16944,17,January,1977,1101103,2,1,48,49,120,17 January 1977,1977-01-17,"CIT,DOB,MAR,OCCP,SCHL",Gabriel Walden,713-39-6952,4034101546171594,(201) 394-4861,10001,"851 6th Ave, New York, NY 10001"
330169,99059964,12,6,5,2,1,11,2,2,3412,2003,17185,15,September,1977,503412,16,11,48,48,106,15 September 1977,1977-09-15,"DOB,ESR,MAR,RAC2P,SEX",James Greene,862-88-5289,372060284217415,(618) 793-8883,60601,"323 E Wacker Dr, Chicago, IL 60601"
2402568,29617050,30,2,19,1,1,19,1,1,506,1623,25345,18,January,2000,2000506,12,1,71,26,277,18 January 2000,2000-01-18,"DOB,ESR,RAC2P,SEX,ST",Mckinley Dixon,363-18-3657,4245747817901070,(443) 258-0821,20001,"520 North Capitol St NW, Washington, DC 20001"
2065738,93664457,244,1,39,1,1,21,2,2,800,229,12878,30,November,1965,3900800,30,9,36,60,50,30 November 1965,1965-11-30,"CIT,MAR,OCCP,SCHL,ST",Thomas Clemons,478-80-2551,3502828100503110,(815) 743-2579,90069,"692 N Robertson Blvd, West Hollywood, CA 90069"
1568338,57143260,32,3,2,5,1,6,3,1,2700,217,12018,24,July,1963,202700,26,2,34,62,111,24 July 1963,1963-07-24,"CIT,ESR,MAR,SCHL,SEX",Yadira Holmes,875-19-0639,3548497649670958,(254) 720-1312,75002,"1500 Andrews Pkwy, Allen, TX 75002"
1439606,10072056,22,1,48,1,1,10,1,2,100,1428,28244,26,December,2007,4800100,13,3,78,18,176,26 December 2007,2007-12-26,"DOB,ESR,MAR,SCHL,ST",Ian Mcgary,579-88-9229,4155464770963083,(432) 270-9749,14760,"188 N Union St, Olean, NY 14760"
827599,67091639,15,2,2,1,2,20,2,1,1600,1265,4644,16,May,1943,201600,23,4,14,82,21,16 May 1943,1943-05-16,"CIT,DOB,ESR,RAC2P,ST",Esther Wert,649-66-4562,4987914480526988,(254) 891-3853,76657,"1315 W McGregor Dr, McGregor, TX 76657"
961110,18973206,180,30,1,5,6,20,2,2,8101,111,20622,12,February,1987,108101,11,10,58,38,130,12 February 1987,1987-02-12,"CIT,ESR,OCCP,SCHL,SEX",Christopher Kunkel,098-65-7402,3589036461885086,(279) 783-4033,91007,"400 S Baldwin Ave Suite 930-U, Arcadia, CA 91007"
2476228,62460305,119,1,18,1,1,20,2,1,1001,996,25400,13,March,2000,1801001,8,6,71,25,224,13 March 2000,2000-03-13,"CIT,DOB,MAR,SEX,ST",Jillian Gifford,513-74-7148,5159317273944369,(417) 834-1343,72434,"5552 US-63, Imboden, AR 72434"
1871700,63805052,3,2,4,1,1,20,1,1,2608,970,16709,27,May,1976,402608,17,4,47,49,217,27 May 1976,1976-05-27,"CIT,DOB,OCCP,SEX,ST",Amanda Overfield,858-64-6510,3596188642523218,(954) 797-9260,33602,"801 Water St #1905, Tampa, FL 33602"
2127809,91756197,255,1,12,3,1,12,2,1,900,522,19761,4,October,1984,1200900,15,5,55,41,89,4 October 1984,1984-10-04,"CIT,OCCP,RAC2P,SCHL,ST",Katheryn Sanders,205-38-3406,345060722798426,(571) 467-3346,23510,"420 Monticello Ave #150, Norfolk, VA 23510"
339501,90860696,19,1,9,1,7,20,2,1,3500,1384,25785,2,April,2001,1003500,5,7,72,24,122,2 April 2001,2001-04-02,"CIT,ESR,MAR,SCHL,SEX",Laura Redd,737-85-0415,5275178592581228,(706) 471-6484,31520,"70 Golden Isles Plz, Brunswick, GA 31520"
777679,20970991,1,1,7,1,2,21,3,1,901,838,7694,21,September,1951,700901,14,11,22,74,82,21 September 1951,1951-09-21,"CIT,DOB,ESR,RAC2P,SCHL",Patricia Williams,703-01-4649,6011840778049463,(419) 668-5180,44681,"1343 Old Rte 39 NE, Sugarcreek, OH 44681"
317022,36879858,238,1,6,1,5,17,1,2,1703,1973,25027,6,March,1999,601703,27,6,70,26,103,6 March 1999,1999-03-06,"CIT,ESR,MAR,OCCP,SEX",Darius Kennedy,486-84-5801,3528025010284259,(570) 669-9224,19125,"1201 Frankford Ave, Philadelphia, PA 19125"
913117,44446603,1,4,1,1,2,17,3,2,8200,456,8221,1,March,1953,108200,3,6,24,72,152,1 March 1953,1953-03-01,"DOB,ESR,OCCP,RAC2P,SCHL",Donald Watson,533-76-8938,4266564488835113,(279) 750-3492,95988,"226 N Humboldt Ave, Willows, CA 95988"
2760992,38574143,30,1,1,1,6,17,1,2,8116,365,26921,12,May,2004,108116,11,4,75,21,125,12 May 2004,2004-05-12,"ESR,MAR,OCCP,SCHL,SEX",Brian Houston,185-09-0439,6011315276120801,(442) 335-5718,92126,"10749 Westview Pkwy, San Diego, CA 92126"
2990358,54609680,25,8,22,1,1,20,1,1,802,1026,27678,8,June,2006,2200802,10,8,77,19,104,8 June 2006,2006-06-08,"CIT,DOB,OCCP,SCHL,SEX",Jalaya Carter,683-99-7419,6011571128632605,(303) 578-4669,80202,"1453 Larimer St, Denver, CO 80202"
2362779,4903342,68,1,47,1,1,20,2,2,300,1060,13431,6,June,1967,4700300,27,8,38,58,98,6 June 1967,1967-06-06,"ESR,MAR,OCCP,SEX,ST",Michael King,748-52-0908,5286821601984043,(907) 756-4956,99587,"165 Olympic Mountain Loop, Girdwood, AK 99587"
1895741,52155011,103,1,1,3,1,20,4,2,3503,178,10936,6,August,1960,103503,27,12,31,65,131,6 August 1960,1960-08-06,"DOB,MAR,OCCP,RAC2P,ST",Jerald Biedermann,132-48-9079,4778976439062079,(820) 767-4905,93921,"Ocean Avenue at, Monte Verde St, Carmel-By-The-Sea, CA 93921"
886242,97095790,1,4,13,1,3,1,1,2,1402,256,33871,23,May,2023,1301402,28,4,94,2,136,23 May 2023,2023-05-23,"DOB,MAR,RAC2P,SEX,ST",Vincent Goolsby,227-25-8360,36775438952298,(206) 337-4333,99152,"202 WA-31, Metaline, WA 99152"
2736851,71695359,344,1,2,1,1,16,2,1,2503,188,14239,22,August,1969,202503,9,12,40,56,75,22 August 1969,1969-08-22,"CIT,OCCP,SCHL,SEX,ST",Darla Coon,695-57-0093,3563486759798626,(254) 960-9064,75495,"495 W Van Alstyne Pkwy, Van Alstyne, TX 75495"
1562790,55917462,26,6,22,3,2,24,1,1,810,1675,22722,12,November,1992,2200810,11,9,63,33,48,12 November 1992,1992-11-12,"CIT,ESR,MAR,OCCP,ST",Lindsay Holmes,245-53-5029,38843234260320,(303) 488-9909,80202,"1453 Larimer St, Denver, CO 80202"
1948819,3802097,40,25,20,1,1,23,2,1,100,8,12271,2,April,1964,1900100,5,7,35,61,37,2 April 1964,1964-04-02,"CIT,ESR,OCCP,RAC2P,SEX",Susan Ciaramella,859-83-4655,373743379064748,(619) 408-4325,83436,"2432 N Canyon Creek Rd, Newdale, ID 83436"
2483276,36163477,1,20,14,1,3,13,1,2,2600,1276,29068,29,March,2010,1402600,29,6,81,15,111,29 March 2010,2010-03-29,"ESR,RAC2P,SCHL,SEX,ST",Braylon Seaton,830-84-7315,5295407621491554,(978) 457-0832,2116,"4 Columbus Ave, Boston, MA 02116"
364631,36756145,98,1,14,1,1,21,1,2,600,1907,19706,10,August,1984,1400600,7,12,55,41,121,10 August 1984,1984-08-10,"CIT,ESR,OCCP,SCHL,ST",Matthew Mcgee,326-33-3229,30533955587658,(978) 483-0722,2116,"4 Columbus Ave, Boston, MA 02116"
2381841,87279185,404,2,9,1,1,20,1,1,1204,1949,21138,12,July,1988,1001204,11,2,59,37,104,12 July 1988,1988-07-12,"ESR,OCCP,RAC2P,SCHL,ST",Kristen Arbelo,435-74-9411,6011539927421561,(762) 989-2143,30601,"199 N Lumpkin St, Athens, GA 30601"
602774,235804,68,18,20,1,1,18,1,2,1500,14,23580,20,March,1995,1901500,4,6,66,30,201,20 March 1995,1995-03-20,"ESR,MAR,RAC2P,SCHL,ST",Bradlee Bolte,108-75-2069,4164576644785720,(540) 365-7239,90031,"737 Lamar St, Los Angeles, CA 90031"
2573788,6994848,10,5,10,2,1,8,1,2,100,297,27475,17,November,2005,900100,2,9,76,20,243,17 November 2005,2005-11-17,"CIT,OCCP,RAC2P,SCHL,SEX",Roberto Martin,081-34-5808,5455247709116061,(984) 922-7007,28466,"110 Vines Lndg, Wallace, NC 28466"
322565,24481272,4,1,25,1,1,17,2,1,2200,1826,10448,6,April,1959,2502200,27,7,30,66,112,6 April 1959,1959-04-06,"DOB,ESR,OCCP,RAC2P,ST",Theresa Willenbring,180-23-2318,4950218324549880,(202) 314-1232,91007,"400 S Baldwin Ave, Arcadia, CA 91007"
1205506,71337566,81,1,4,3,1,16,2,1,2102,1090,25041,20,March,1999,402102,4,6,70,26,78,20 March 1999,1999-03-20,"ESR,OCCP,SCHL,SEX,ST",Nicole Johnson,857-19-1448,5330855592349978,(954) 352-8938,33556,"16101 Nine Eagles Dr, Odessa, FL 33556"
1059163,56872591,20,3,22,1,1,16,3,1,803,1556,9942,16,November,1957,2200803,23,9,28,68,53,16 November 1957,1957-11-16,"CIT,DOB,MAR,OCCP,RAC2P",Nancy Langlois,834-26-4444,6011109818422969,(303) 796-9052,80202,"1453 Larimer St, Denver, CO 80202"
2509128,640322,1,11,23,2,2,6,2,1,2300,448,22047,7,January,1991,2302300,19,1,62,35,258,7 January 1991,1991-01-07,"DOB,ESR,OCCP,RAC2P,SEX",Anna Gutierrez,615-67-9848,6011869621623794,(762) 330-0685,35802,"4851 Whitesburg Dr, Huntsville, AL 35802"
828566,2949923,29,6,5,2,1,17,3,2,3404,249,20957,13,January,1988,503404,8,1,59,38,105,13 January 1988,1988-01-13,"DOB,ESR,MAR,OCCP,RAC2P",Jonathan Malinowski,443-56-4013,5556853143893864,(773) 573-0653,60654,"626 N State St, Chicago, IL 60654"
3038997,88916723,75,1,12,1,1,17,2,2,1100,207,23993,6,May,1996,1201100,27,4,67,29,137,6 May 1996,1996-05-06,"DOB,OCCP,RAC2P,SEX,ST",Chance Mcdonald,594-31-0638,4745900269774553,(540) 898-4088,22031,"2729 Merrilee Dr, Fairfax, VA 22031"
126293,66921829,29,2,35,4,4,20,2,1,506,355,19316,17,July,1983,3500506,2,2,54,42,86,17 July 1983,1983-07-17,"CIT,ESR,MAR,SCHL,ST",Lauren Silva,814-43-9588,3597142240927106,(629) 998-9173,91739,"12379 N Mainstreet, Rancho Cucamonga, CA 91739"
2363558,8693635,55,64,16,1,2,14,1,2,110,23,25662,30,November,2000,1600110,30,9,71,25,77,30 November 2000,2000-11-30,"ESR,MAR,RAC2P,SCHL,ST",Joshua Emmett,320-97-3307,372852659489607,(623) 835-2532,86043,"Hwy 264, Milepost 379, Second Mesa, AZ 86043"
171035,62142251,1,3,2,2,2,24,2,1,5610,180,21156,30,July,1988,205610,30,2,59,37,184,30 July 1988,1988-07-30,"CIT,DOB,ESR,RAC2P,SEX",Lindsey Polacek,317-99-6510,6011657333669423,(432) 381-6755,78501,"618 N 10th St, McAllen, TX 78501"
2964858,93119706,20,2,3,3,5,13,3,1,3702,1785,13515,29,August,1967,303702,29,12,38,58,145,29 August 1967,1967-08-29,"CIT,ESR,MAR,SCHL,SEX",Lynne Henriquez,210-93-9698,6011782057825678,(516) 954-5442,10013,"310 W Broadway, New York, NY 10013"
1019768,2085848,195,2,10,3,1,21,1,2,905,731,22649,31,August,1992,900905,31,12,63,33,47,31 August 1992,1992-08-31,"MAR,OCCP,RAC2P,SEX,ST",David Tyler,065-47-8281,343327373397846,(984) 952-4065,28304,"1400 Walter Reed Rd #130, Fayetteville, NC 28304"
1279436,3433165,61,1,23,1,1,11,5,2,400,860,12904,26,December,1965,2300400,13,3,36,60,307,26 December 1965,1965-12-26,"DOB,OCCP,RAC2P,SCHL,SEX",Andrew Black,550-31-5698,38334291043163,(406) 918-1771,94618,"5801 College Ave, Oakland, CA 94618"
830128,6512772,53,1,16,5,2,23,2,1,116,719,11160,18,March,1961,1600116,12,6,32,64,72,18 March 1961,1961-03-18,"CIT,ESR,OCCP,SCHL,SEX",Marnita Singleton,463-74-3486,4203874925130622,(623) 239-7711,86043,"Hwy 264, Milepost 379, Second Mesa, AZ 86043"
2338271,78045758,361,2,4,3,4,16,2,2,2104,1078,11955,22,May,1963,402104,9,4,34,62,93,22 May 1963,1963-05-22,"ESR,MAR,OCCP,SCHL,ST",Bobby Ong,030-14-7116,6011870556301638,(305) 671-5728,33139,"900 Ocean Dr, Miami Beach, FL 33139"
293736,6674757,80,7,15,1,4,20,1,2,2302,1645,27879,26,December,2006,1502302,13,3,77,19,62,26 December 2006,2006-12-26,"CIT,ESR,MAR,RAC2P,ST",Eliezer Walden,252-26-9375,6011339034474458,(509) 428-0387,78405,"2621 S Port Ave, Corpus Christi, TX 78405"
1355423,23980564,418,3,28,2,1,15,2,2,1302,187,24062,14,July,1996,2801302,22,2,67,29,114,14 July 1996,1996-07-14,"DOB,ESR,MAR,OCCP,SCHL",Tyler Rouse,263-50-6896,4929390293167735,(539) 608-5378,74104,"1145 S Utica Ave Suite G-18, Tulsa, OK 74104"
372622,91514123,404,10,40,1,1,22,1,2,301,966,15424,19,November,1972,4000301,25,9,43,53,115,19 November 1972,1972-11-19,"CIT,OCCP,RAC2P,SEX,ST",Richard Blackford,536-19-8241,3518475839986307,(808) 991-4573,96816,"Kahala Resort, 5000 Kahala Ave #5000, Honolulu, HI 96816"
2064466,13094005,15,1,32,1,4,2,1,1,600,1848,27522,3,January,2006,3200600,1,1,77,20,120,3 January 2006,2006-01-03,"ESR,OCCP,SCHL,SEX,ST",Faith Brown,797-92-2226,5273625563548687,(978) 721-6548,11510,"70 Milburn Ave, Baldwin, NY 11510"
828295,37888374,39,1,1,2,1,14,1,2,6200,594,25103,21,May,1999,106200,14,4,70,26,363,21 May 1999,1999-05-21,"CIT,DOB,MAR,RAC2P,SCHL",Chase Chavez,167-94-7735,38853680051156,(820) 749-5425,92037,"1132 Prospect St, La Jolla, CA 92037"
1239743,94697450,321,2,3,3,1,18,1,1,4102,1388,19681,16,July,1984,304102,23,2,55,41,183,16 July 1984,1984-07-16,"CIT,ESR,MAR,OCCP,SCHL",Analicia Moneyhun,571-79-1089,6011029121267309,(332) 467-2925,10591,"127 W Main St, Tarrytown, NY 10591"
1772699,60482958,1,1,18,1,3,8,1,2,2400,145,31071,22,September,2015,1802400,9,11,86,10,151,22 September 2015,2015-09-22,"CIT,DOB,RAC2P,SCHL,ST",Kazi Moody,125-34-3378,347035575610603,(636) 239-1776,72434,"5552 US-63, Imboden, AR 72434"
1848388,23488392,124,1,25,1,2,19,3,2,2002,1816,12590,15,February,1965,2502002,16,10,36,60,112,15 February 1965,1965-02-15,"MAR,OCCP,SCHL,SEX,ST",John Bernadin,243-42-8216,4242152621200822,(623) 946-5139,90036,"189 The Grove Dr, Los Angeles, CA 90036"
1825161,46861320,339,2,8,1,1,19,2,2,2200,2049,22057,17,January,1991,802200,2,1,62,35,158,17 January 1991,1991-01-17,"DOB,MAR,OCCP,SCHL,SEX",Austin Steineke,708-79-7374,5366594200174976,(762) 820-8379,51031,"11 5th Ave NW, Le Mars, IA 51031"
1460199,38147179,49,1,14,2,2,20,2,1,3600,1708,21212,24,September,1988,1403600,26,11,59,37,108,24 September 1988,1988-09-24,"DOB,ESR,SCHL,SEX,ST",Sharnice Widmann,865-58-7838,4999373175243787,(617) 594-9446,2116,"4 Columbus Ave, Boston, MA 02116"
298256,54130893,184,1,21,1,1,17,4,1,2000,795,16581,20,January,1976,2102000,4,1,47,50,134,20 January 1976,1976-01-20,"CIT,MAR,OCCP,RAC2P,ST",Leslie Valenzuela,436-68-1742,6011103320493832,(763) 245-7144,55403,"1204 Harmon Pl, Minneapolis, MN 55403"
2128808,53113283,151,1,22,1,1,21,2,2,809,1631,22706,27,October,1992,2200809,17,5,63,33,81,27 October 1992,1992-10-27,"DOB,OCCP,SCHL,SEX,ST",Dustin Frazier,793-80-2497,3574500670682102,(303) 572-7066,80202,"1453 Larimer St, Denver, CO 80202"
335726,77838518,179,4,4,1,1,22,2,1,701,459,14714,10,December,1970,400701,7,3,41,55,111,10 December 1970,1970-12-10,"CIT,DOB,ESR,OCCP,ST",Cynthia Cottrell,456-85-4828,5202102732061394,(954) 538-5143,33602,"801 Water St #1905, Tampa, FL 33602"
132871,21828390,1,4,1,3,2,9,2,2,4300,527,7015,11,November,1949,104300,18,9,20,76,88,11 November 1949,1949-11-11,"CIT,DOB,MAR,RAC2P,SEX",Galen Chesser,032-27-2903,38813075633372,(279) 937-4920,95988,"226 N Humboldt Ave, Willows, CA 95988"
2267887,95114701,47,1,5,1,1,25,2,2,1202,383,12880,2,December,1965,501202,5,3,36,60,114,2 December 1965,1965-12-02,"CIT,DOB,MAR,RAC2P,ST",Grant Sanchez,745-43-3765,341770166239232,(773) 882-6691,60654,"626 N State St, Chicago, IL 60654"
851841,45175603,52,9,8,3,4,22,1,2,2502,571,25307,11,December,1999,802502,18,3,70,26,124,11 December 1999,1999-12-11,"CIT,MAR,OCCP,RAC2P,ST",Cameron Contaldi,814-21-6354,4241617085363960,(706) 913-4844,93635,"829 W Pacheco Blvd, Los Banos, CA 93635"
2355424,34575389,47,4,14,5,1,25,2,2,1900,973,19584,10,April,1984,1401900,7,7,55,41,50,10 April 1984,1984-04-10,"CIT,RAC2P,SCHL,SEX,ST",Richard Gary,592-16-6331,3547296765861776,(617) 396-6888,2453,"467 Moody St, Waltham, MA 02453"
1731383,78710120,12,1,4,2,1,19,2,2,1901,117,23901,4,February,1996,401901,15,10,67,29,110,4 February 1996,1996-02-04,"CIT,DOB,ESR,OCCP,RAC2P",Daron Caddell,412-64-5831,4335323055416683,(954) 966-2851,33602,"801 Water St #1905, Tampa, FL 33602"
601753,71893826,40,6,2,2,2,19,2,2,2201,19,11505,26,February,1962,202201,13,10,33,63,94,26 February 1962,1962-02-26,"DOB,ESR,MAR,SCHL,ST",Dean Breeding,617-97-1993,4444763067186238,(915) 508-6653,75201,"2201 N Lamar St, Dallas, TX 75201"
1206500,70527949,72,1,4,2,1,13,1,2,2401,373,28380,10,May,2008,402401,7,4,79,17,199,10 May 2008,2008-05-10,"CIT,DOB,ESR,MAR,OCCP",Mason Wong,346-63-9674,344956388454108,(305) 511-4700,33556,"16101 Nine Eagles Dr, Odessa, FL 33556"
1618348,22223833,13,1,1,1,1,20,1,1,7602,186,23284,28,May,1994,107602,20,4,65,31,72,28 May 1994,1994-05-28,"DOB,ESR,OCCP,SCHL,ST",Tianna Vandemark,606-81-1843,36891044708139,(619) 793-9939,93921,"Ocean Avenue at, Monte Verde St, Carmel-By-The-Sea, CA 93921"
2048298,7285892,36,21,16,3,1,15,3,2,900,57,21938,20,September,1990,1600900,4,11,61,35,109,20 September 1990,1990-09-20,"DOB,MAR,RAC2P,SCHL,SEX",Dustin Mruk,363-74-1348,5503178999725976,(623) 676-7238,85234,"4536 E Elliot Rd, Gilbert, AZ 85234"
282062,91374555,201,14,40,1,1,25,4,2,305,1581,11608,9,June,1962,4000305,6,8,33,63,69,9 June 1962,1962-06-09,"CIT,MAR,OCCP,RAC2P,SEX",Mark Curran,462-98-7342,3576891301217097,(808) 723-7752,96766,"4331 Kauai Beach Dr, Lihue, HI 96766"
2848778,11457764,116,1,16,2,4,15,2,1,102,1024,21384,15,March,1989,1600102,16,6,60,36,78,15 March 1989,1989-03-15,"CIT,OCCP,RAC2P,SCHL,ST",Shayla Camara,647-58-7119,3546111062598222,(602) 490-8445,85234,"4536 E Elliot Rd, Gilbert, AZ 85234"
563596,54101299,20,1,17,2,1,7,4,1,2300,135,15449,14,December,1972,1702300,22,3,43,53,83,14 December 1972,1972-12-14,"CIT,MAR,RAC2P,SCHL,ST",Tamara Cheever,723-01-4484,3545591752955298,(629) 969-3848,37090,"921 Murfreesboro Rd, Lebanon, TN 37090"
2568013,56981816,8,1,31,1,1,20,1,2,700,1571,24924,23,November,1998,3100700,28,9,69,27,305,23 November 1998,1998-11-23,"CIT,DOB,SCHL,SEX,ST",Korey Higgins,487-01-9312,6011719015252322,(507) 403-2414,77098,"2800 Kirby Dr A100, Houston, TX 77098"
2657646,95286191,20,54,13,1,4,9,5,1,2008,1148,15104,4,January,1972,1302008,15,1,43,54,27,4 January 1972,1972-01-04,"CIT,ESR,MAR,SCHL,SEX",Justina White,689-24-1902,345664496428100,(206) 247-4011,99301,"1935 W Court St, Pasco, WA 99301"
2888139,18720932,1,1,7,3,2,7,2,2,606,1962,18341,14,November,1980,700606,22,9,51,45,79,14 November 1980,1980-11-14,"CIT,DOB,RAC2P,SCHL,ST",Jason Garcia,382-33-0815,5196811458770917,(220) 666-6790,44681,"1343 Old Rte 39 NE, Sugarcreek, OH 44681"
2633707,60872608,107,6,18,3,2,22,2,1,1705,1552,12653,19,April,1965,1801705,25,7,36,60,113,19 April 1965,1965-04-19,"CIT,OCCP,SCHL,SEX,ST",Penny Lacey,860-51-1120,343303014353506,(636) 706-6547,64424,"4100 Miller St, Bethany, MO 64424"
348151,12967328,31,1,32,1,1,17,2,1,200,460,22315,2,October,1991,3200200,5,5,62,34,527,2 October 1991,1991-10-02,"DOB,MAR,OCCP,RAC2P,SCHL",Aurora Dubose,602-19-5663,345529533450377,(360) 871-0090,78205,"On The Riverwalk Level, 421 E Commerce St, San Antonio, TX 78205"
3022226,55066003,1,9,17,3,2,23,4,2,1301,246,3850,13,March,1941,1701301,8,6,12,84,65,13 March 1941,1941-03-13,"ESR,MAR,RAC2P,SEX,ST",John Garcia,247-39-3117,372579517297621,(629) 997-6965,38103,"120 Monroe Ave, Memphis, TN 38103"
1733919,2397429,411,1,20,1,4,20,1,2,100,8,25822,9,May,2001,1900100,6,4,72,24,200,9 May 2001,2001-05-09,"ESR,OCCP,RAC2P,SEX,ST",Brett Farmer,654-07-0188,5405917978267255,(419) 912-8486,56479,"1101 2nd Ave NE, Staples, MN 56479"
11895,32773977,70,1,19,1,1,12,2,2,505,1726,12221,12,February,1964,2000505,11,10,35,61,63,12 February 1964,1964-02-12,"MAR,OCCP,SCHL,SEX,ST",Joseph Peacock,307-54-4735,6011688317728612,(443) 251-9132,20850,"15201 Shady Grove Rd #1, Rockville, MD 20850"
98011,25925259,463,1,28,1,1,21,2,2,900,115,13502,16,August,1967,2800900,23,12,38,58,160,16 August 1967,1967-08-16,"ESR,OCCP,RAC2P,SEX,ST",Todd Ellis,377-21-2163,341131570324740,(539) 667-2184,74104,"1145 S Utica Ave Suite G-18, Tulsa, OK 74104"
330022,5695347,28,4,15,1,1,25,1,2,2100,1453,22475,10,March,1992,1502100,7,6,63,33,236,10 March 1992,1992-03-10,"ESR,RAC2P,SCHL,SEX,ST",Craig Lee,230-36-4029,3574121725551828,(828) 772-9755,95305,"16756 Old Priest Grade, Big Oak Flat, CA 95305"
2059268,33211189,25,1,1,1,2,21,2,1,3902,755,25580,9,September,2000,103902,6,11,71,25,85,9 September 2000,2000-09-09,"DOB,ESR,OCCP,SEX,ST",Julia Cornelius,513-37-3519,6011229353965451,(562) 973-7251,91007,"400 S Baldwin Ave Suite 930-U, Arcadia, CA 91007"
3056130,83621909,281,1,9,1,1,23,1,2,1206,1858,17636,10,December,1978,1001206,7,3,49,47,60,10 December 1978,1978-12-10,"DOB,OCCP,RAC2P,SCHL,ST",Ulysses Zink,782-84-9738,340267561440953,(770) 716-6991,30601,"199 N Lumpkin St, Athens, GA 30601"
1148136,77379932,89,2,11,4,2,20,1,1,1901,771,25816,3,May,2001,1101901,1,4,72,24,71,3 May 2001,2001-05-03,"CIT,ESR,MAR,OCCP,SEX",Samone Kasperowicz,075-46-7262,4079201433295989,(856) 362-7777,8401,"One Atlantic Ocean, Atlantic City, NJ 08401"
1255890,18657768,52,1,1,1,1,20,3,2,6400,1169,19862,13,January,1985,106400,8,1,56,41,240,13 January 1985,1985-01-13,"CIT,DOB,OCCP,RAC2P,SCHL",Roland Moran,438-49-4636,3512187872722863,(442) 969-4050,92591,"27499 Ynez Rd, Temecula, CA 92591"
2496517,63492570,1,3,2,3,2,7,2,2,6702,1273,4795,14,October,1943,206702,22,5,14,82,335,14 October 1943,1943-10-14,"CIT,DOB,ESR,RAC2P,SCHL",Steven Johnston,404-80-9660,5419459927813750,(936) 483-8540,76657,"1315 W McGregor Dr, McGregor, TX 76657"
2736730,49327388,29,1,17,1,1,11,2,2,1900,506,6667,28,November,1948,1701900,20,9,19,77,94,28 November 1948,1948-11-28,"DOB,OCCP,SCHL,SEX,ST",Michael Moore,261-62-5276,3591486533639167,(901) 444-4499,37130,"2075 Lascassas Pike, Murfreesboro, TN 37130"
618475,68152253,278,7,35,2,1,20,1,2,510,216,24206,5,December,1996,3500510,24,3,67,29,157,5 December 1996,1996-12-05,"CIT,OCCP,RAC2P,SEX,ST",James Mayet,595-24-5395,370899632586605,(302) 930-4681,94108,"950 Mason St, San Francisco, CA 94108"
1888040,97517998,6,1,13,3,1,17,2,2,2005,1654,17373,22,March,1978,1302005,9,6,49,47,64,22 March 1978,1978-03-22,"CIT,DOB,ESR,RAC2P,SCHL",Brian Bustillos,451-58-9999,30479858397607,(206) 478-5502,99301,"1935 W Court St, Pasco, WA 99301"
389471,82561163,124,2,9,3,1,17,2,2,1206,1858,11882,10,March,1963,1001206,7,6,34,62,61,10 March 1963,1963-03-10,"CIT,OCCP,SCHL,SEX,ST",Philip Ward,166-43-8514,3542581311131633,(770) 282-2267,31520,"70 Golden Isles Plz, Brunswick, GA 31520"
639098,38575727,1,3,14,5,2,13,3,1,4000,1553,17981,20,November,1979,1404000,4,9,50,46,91,20 November 1979,1979-11-20,"CIT,DOB,ESR,OCCP,SCHL",Theresa Schmidt,169-16-9736,6011479865559439,(617) 592-2503,2116,"4 Columbus Ave, Boston, MA 02116"
1454005,30985361,206,7,19,1,1,14,1,2,1106,1267,26020,23,November,2001,2001106,28,9,72,24,70,23 November 2001,2001-11-23,"CIT,DOB,ESR,MAR,OCCP",Hayden Biggers,750-42-9588,30155278480468,(443) 624-6678,20001,"520 North Capitol St NW, Washington, DC 20001"
54752,70182286,3,9,2,1,1,17,1,1,4502,60,24465,21,August,1997,204502,14,12,68,28,192,21 August 1997,1997-08-21,"DOB,ESR,MAR,SCHL,ST",Tavia Valdez,142-29-1125,5486350587614315,(915) 677-6812,78501,"618 N 10th St, McAllen, TX 78501"
554164,59556529,50,1,29,1,1,19,1,1,1300,577,25412,25,March,2000,2901300,21,6,71,25,121,25 March 2000,2000-03-25,"DOB,ESR,MAR,SCHL,SEX",Ezmeralda Ceniceros,757-07-5941,30530333120657,(475) 630-6381,6510,"220 College St, New Haven, CT 06510"
618060,12814139,201,1,30,1,1,25,1,2,1200,164,23804,30,October,1995,3001200,30,5,66,30,233,30 October 1995,1995-10-30,"DOB,MAR,OCCP,SCHL,ST",Justin Hammons,623-62-6653,30517391244933,(901) 589-7814,90241,"9253 Firestone Blvd, Downey, CA 90241"
2188238,40382123,97,1,6,1,2,20,2,2,3402,195,8114,14,November,1952,603402,22,9,23,73,124,14 November 1952,1952-11-14,"CIT,DOB,ESR,OCCP,ST",Michael Warren,831-41-1405,30228482028348,(570) 560-4892,19106,"237 St James Pl, Philadelphia, PA 19106"
2211402,45689782,96,1,8,1,4,15,1,2,700,46,27959,16,March,2007,800700,23,6,78,18,137,16 March 2007,2007-03-16,"DOB,ESR,OCCP,RAC2P,SCHL",Jordan Howze,461-39-3765,345707267746810,(731) 751-8947,66544,"304 Commercial St, Vermillion, KS 66544"
127910,85450416,116,2,3,1,5,18,1,2,3710,1218,20182,29,November,1985,303710,29,9,56,40,67,29 November 1985,1985-11-29,"CIT,ESR,OCCP,SCHL,SEX",John Wright,174-40-1244,36688141679514,(914) 425-7999,10027,"1280 Amsterdam Ave, New York, NY 10027"
1701001,84228061,1,2,12,1,2,9,2,1,1900,275,6995,22,October,1949,1201900,9,5,20,76,87,22 October 1949,1949-10-22,"ESR,MAR,RAC2P,SCHL,ST",Elizabeth Miller,787-76-6487,30091631441543,(571) 646-7956,22031,"2729 Merrilee Dr, Fairfax, VA 22031"
298661,78733521,199,1,4,3,1,20,1,1,2707,489,25497,18,June,2000,402707,12,8,71,25,111,18 June 2000,2000-06-18,"CIT,MAR,OCCP,RAC2P,SCHL",Avian Mick,005-14-2976,3536276915307865,(772) 544-6624,33602,"801 Water St #1905, Tampa, FL 33602"
2352870,79397346,10,3,11,2,1,11,1,2,1105,1313,20571,23,December,1986,1101105,28,3,57,39,66,23 December 1986,1986-12-23,"ESR,OCCP,RAC2P,SCHL,ST",Cyrus Sanchez,787-22-8305,370140582443376,(201) 678-2091,8820,"9 Lincoln Hwy, Edison, NJ 08820"
1820815,1225169,1,2,23,1,2,18,3,2,1900,498,17231,31,October,1977,2301900,31,5,48,48,243,31 October 1977,1977-10-31,"CIT,DOB,ESR,MAR,ST",Joshua Moser,068-39-1418,4966605711802330,(831) 227-6455,55025,"15201 Running Aces Blvd, Columbus, MN 55025"
122902,92127551,35,41,40,3,4,17,2,2,303,1604,15268,16,June,1972,4000303,23,8,43,53,59,16 June 1972,1972-06-16,"ESR,MAR,RAC2P,SCHL,SEX",David Fitzpatrick,509-62-7031,6011116167201126,(808) 285-7022,96766,"4331 Kauai Beach Dr, Lihue, HI 96766"
421995,4984245,43,25,20,1,4,17,3,1,600,1,15433,28,November,1972,1900600,20,9,43,53,57,28 November 1972,1972-11-28,"CIT,MAR,OCCP,RAC2P,SEX",Tracy Elrod,584-34-5497,378780170786884,(773) 386-0823,45404,"1400 Valley St, Dayton, OH 45404"
1859865,28798403,76,2,19,1,1,17,2,1,1300,347,13528,11,September,1967,2001300,18,11,38,58,330,11 September 1967,1967-09-11,"CIT,DOB,OCCP,SCHL,ST",Sandra Davis,008-32-4423,3517604812799772,(443) 588-5363,20850,"15201 Shady Grove Rd #1, Rockville, MD 20850"
850005,17897483,17,1,7,1,4,15,2,2,1900,711,16382,5,July,1975,701900,24,2,46,50,202,5 July 1975,1975-07-05,"DOB,ESR,RAC2P,SEX,ST",Aaron Tuck,218-62-8549,349170578283377,(419) 534-5529,44333,"3265 W Market St, Fairlawn, OH 44333"
130283,29046138,145,1,1,1,1,3,4,1,5402,1234,9472,3,August,1956,105402,1,12,27,69,199,3 August 1956,1956-08-03,"CIT,ESR,MAR,SCHL,SEX",Gwendolyn Villafan,438-64-3853,3560279613132303,(442) 970-6906,94705,"41 Tunnel Rd, Berkeley, CA 94705"
3047359,11126476,133,3,16,2,1,2,2,2,118,608,15314,1,August,1972,1600118,3,12,43,53,62,1 August 1972,1972-08-01,"CIT,DOB,MAR,RAC2P,ST",Eric Morgan,794-97-7525,4011703884770833,(602) 681-0317,86043,"Hwy 264, Milepost 379, Second Mesa, AZ 86043"
1386764,89786221,90,8,9,3,1,16,2,2,1302,1304,17101,23,June,1977,1001302,28,8,48,48,140,23 June 1977,1977-06-23,"CIT,MAR,OCCP,SCHL,SEX",George Bedford,520-49-5182,4189214853774364,(762) 429-1124,30601,"199 N Lumpkin St, Athens, GA 30601"
145600,42066747,5,31,1,1,1,24,2,1,1103,618,18133,20,April,1980,101103,4,7,51,45,91,20 April 1980,1980-04-20,"MAR,RAC2P,SCHL,SEX,ST",Sarah Tierney,104-36-9285,4881212490690382,(213) 972-0508,81210,"10209 CO-135, Almont, CO 81210"
2898418,50494832,107,17,21,3,1,22,2,2,2300,1241,24016,29,May,1996,2102300,29,4,67,29,169,29 May 1996,1996-05-29,"MAR,OCCP,RAC2P,SCHL,ST",Kiran Almanza,806-47-4959,3588431619440408,(612) 220-2496,55422,"4080 W Broadway, Robbinsdale, MN 55422"
657523,66177043,444,1,38,1,4,14,2,2,702,1537,18981,16,August,1982,3800702,23,12,53,43,143,16 August 1982,1982-08-16,"CIT,ESR,MAR,OCCP,ST",Christopher Munn,254-98-1345,370716894773392,(332) 684-1874,90025,"11623 Santa Monica Blvd, Los Angeles, CA 90025"
1231537,72850828,252,1,2,1,1,19,2,1,4501,332,11412,25,November,1961,204501,21,9,32,64,58,25 November 1961,1961-11-25,"CIT,DOB,MAR,OCCP,SCHL",Gloria Najera,820-19-0915,30267766936685,(915) 423-7619,75965,"1950 North St, Nacogdoches, TX 75965"
1456514,80767391,43,1,36,1,1,23,2,2,100,1354,20631,21,February,1987,3600100,14,10,58,38,256,21 February 1987,1987-02-21,"DOB,MAR,OCCP,RAC2P,SEX",Terris Bass,623-87-0230,30255005577915,(575) 985-6043,87002,"2101 Camino Del Llano, Belen, NM 87002"
332724,45651800,64,1,8,1,1,22,2,1,3600,1942,21722,16,February,1990,803600,23,10,61,35,86,16 February 1990,1990-02-16,"DOB,MAR,OCCP,RAC2P,SEX",Kaneesha Mcglocklin,498-11-1591,3506729325206206,(936) 821-1876,37201,"150 3rd Ave S #110, Nashville, TN 37201"
1029936,79920553,91,1,4,4,4,17,1,2,101,283,27922,7,February,2007,400101,19,10,78,18,87,7 February 2007,2007-02-07,"CIT,ESR,OCCP,SCHL,SEX",Noah Anderson,856-38-5298,4216175422336372,(305) 518-1771,33602,"801 Water St #1905, Tampa, FL 33602"
688175,5278705,9,55,47,1,4,17,1,1,400,310,15283,1,July,1972,4700400,3,2,43,53,66,1 July 1972,1972-07-01,"CIT,ESR,RAC2P,SEX,ST",Amy Williams,600-32-7423,4994535025660122,(907) 519-9433,99674,"31406 Glenn Hwy, Chickaloon, AK 99674"
1280053,28079826,1,7,1,1,2,8,2,2,5702,454,17013,27,March,1977,105702,17,6,48,48,62,27 March 1977,1977-03-27,"CIT,MAR,RAC2P,SCHL,ST",Thomas Grillo,322-79-9780,36268445928113,(619) 932-3249,92126,"10749 Westview Pkwy, San Diego, CA 92126"
2458929,26823371,240,1,1,2,1,18,3,1,2203,1833,21460,30,May,1989,102203,30,4,60,36,177,30 May 1989,1989-05-30,"CIT,MAR,OCCP,SCHL,SEX",Katie Sutton,059-11-2121,30272742917460,(818) 907-3978,92126,"10749 Westview Pkwy, San Diego, CA 92126"
2677097,95901678,61,1,5,2,2,18,1,2,3201,537,21142,16,July,1988,503201,23,2,59,37,141,16 July 1988,1988-07-16,"DOB,ESR,MAR,SEX,ST",Brandon Brown,171-13-0724,3535467225813020,(773) 900-9837,60601,"323 E Wacker Dr, Chicago, IL 60601"
1722754,36284477,19,11,14,2,4,7,2,2,3303,1680,15812,12,December,1973,1403303,11,3,44,52,54,12 December 1973,1973-12-12,"ESR,MAR,SCHL,SEX,ST",Marc Santiago,049-61-4706,4751606939848492,(617) 555-8728,2453,"467 Moody St, Waltham, MA 02453"
2433935,93881723,24,1,3,2,1,20,1,2,3502,822,26821,2,February,2004,303502,5,10,75,21,169,2 February 2004,2004-02-02,"CIT,DOB,ESR,OCCP,SCHL",Jacob Munger,184-10-2097,6011200101594216,(631) 270-8289,81230,"130 Co Rd 742, Gunnison, CO 81230"
1743498,95981083,1,17,13,3,3,9,1,1,1801,1303,30327,8,September,2013,1301801,10,11,84,12,107,8 September 2013,2013-09-08,"CIT,ESR,MAR,RAC2P,ST",Iliana Lutter,800-31-0778,342118655772447,(206) 630-8031,99152,"202 WA-31, Metaline, WA 99152"
3023839,65034948,1,1,2,1,2,17,1,1,200,1407,4521,13,January,1943,200200,8,1,14,83,58,13 January 1943,1943-01-13,"DOB,ESR,SCHL,SEX,ST",Lorraine Maza,712-22-0183,4855791624887099,(832) 570-7532,75965,"1950 North St, Nacogdoches, TX 75965"
1766877,92547814,32,1,3,1,2,17,4,2,803,762,11859,15,February,1963,300803,16,10,34,62,64,15 February 1963,1963-02-15,"CIT,DOB,OCCP,SCHL,SEX",Daniel Wood,895-79-4816,5179081231769922,(516) 645-2885,10591,"127 W Main St, Tarrytown, NY 10591"
2923418,96816684,1,2,3,2,2,11,1,2,4011,1963,19128,10,January,1983,304011,7,1,54,43,74,10 January 1983,1983-01-10,"CIT,DOB,MAR,RAC2P,SEX",Guillermo Gillingham,533-88-8073,3533583773573717,(631) 830-8817,10013,"310 W Broadway, New York, NY 10013"
1623138,69067943,201,29,35,3,1,24,3,1,511,41,15672,25,July,1973,3500511,21,2,44,52,91,25 July 1973,1973-07-25,"CIT,ESR,MAR,RAC2P,SCHL",Kianna Mata,763-94-4297,6011217529077053,(773) 646-9707,91739,"12379 N Mainstreet, Rancho Cucamonga, CA 91739"
339350,32747099,16,7,1,2,4,16,2,1,8105,238,15395,21,October,1972,108105,14,5,43,53,47,21 October 1972,1972-10-21,"CIT,ESR,MAR,RAC2P,SCHL",Dana Kaler,536-68-9068,6011450801540361,(442) 530-4022,92591,"27499 Ynez Rd, Temecula, CA 92591"
2962926,67298561,105,1,4,2,4,6,2,1,3503,1421,7753,19,November,1951,403503,25,9,22,74,77,19 November 1951,1951-11-19,"ESR,MAR,SCHL,SEX,ST",Irma Peche,740-32-1022,349641714321602,(305) 485-7385,33556,"16101 Nine Eagles Dr, Odessa, FL 33556"
2740689,6659478,184,7,16,3,2,22,2,2,113,1834,12859,11,November,1965,1600113,18,9,36,60,48,11 November 1965,1965-11-11,"ESR,OCCP,RAC2P,SEX,ST",Oneal Howe,525-03-1199,5572305040866568,(623) 783-9999,85234,"4536 E Elliot Rd, Gilbert, AZ 85234"
1678070,84006923,1,4,49,3,3,11,1,1,200,478,29799,29,March,2012,4900200,29,6,83,13,64,29 March 2012,2012-03-29,"CIT,MAR,RAC2P,SEX,ST",Jazmine Yarnell,007-66-2581,347361563126182,(802) 229-8098,5401,"152 St Paul St, Burlington, VT 05401"
